recipe,combo,k,n_syms,syms,coverage,mean_n,mean_wr,mean_avg,mean_delta,min_n,min_wr,min_avg,sum_score,detail
L1_prior_up,15m_candle_dn+1w_above_sma9,2,4,"DIA,IWM,QQQ,SPY",4/4,28.25,0.6372221755917409,0.0017092536669708752,0.0006571062096696844,23,0.6086956521739131,0.0009543498748572,0.040114447212676,DIA n=37 WR=62% avg=+0.095% Δ=+0.006% | IWM n=25 WR=64% avg=+0.227% Δ=+0.075% | QQQ n=23 WR=61% avg=+0.203% Δ=+0.125% | SPY n=28 WR=68% avg=+0.158% Δ=+0.056%
L1_prior_up,15m_candle_dn+1w_rsi_hi,2,4,"DIA,IWM,QQQ,SPY",4/4,25.0,0.6306831831831832,0.0017437235286554501,0.0006915760713542593,18,0.6111111111111112,0.0009543498748572,0.03784469099921947,DIA n=37 WR=62% avg=+0.095% Δ=+0.006% | IWM n=25 WR=64% avg=+0.227% Δ=+0.075% | QQQ n=18 WR=61% avg=+0.208% Δ=+0.130% | SPY n=20 WR=65% avg=+0.167% Δ=+0.065%
L2_hvol,1h_bb_mid+1w_above_sma9,2,4,"DIA,IWM,QQQ,SPY",4/4,31.0,0.6582508168715064,0.0011915584111512499,8.784416895962233e-05,27,0.6206896551724138,0.000963945605822,0.030864514117830838,DIA n=35 WR=69% avg=+0.124% Δ=+0.006% | IWM n=29 WR=62% avg=+0.132% Δ=+0.000% | QQQ n=27 WR=63% avg=+0.096% Δ=+0.023% | SPY n=33 WR=70% avg=+0.124% Δ=+0.006%
L3_rsi35,15m_below_sma9+1w_above_sma9,2,3,"DIA,QQQ,SPY",3/4,16.333333333333332,0.8491228070175438,0.0020245379622922,0.0005873962702643903,10,0.7,0.0011382391504653,0.03036163879491264,DIA n=20 WR=70% avg=+0.142% Δ=+0.019% | QQQ n=10 WR=90% avg=+0.352% Δ=+0.151% | SPY n=19 WR=95% avg=+0.114% Δ=+0.006%
L1_prior_up,15m_candle_dn+1h_bb_mid,2,3,"DIA,IWM,SPY",3/4,28.0,0.6461227661227662,0.0016747026502597333,0.0005310373801782746,25,0.6060606060606061,0.0009876811805402,0.029954858136989795,DIA n=33 WR=61% avg=+0.099% Δ=+0.010% | IWM n=25 WR=64% avg=+0.227% Δ=+0.075% | SPY n=26 WR=69% avg=+0.177% Δ=+0.075%
L1_prior_up,15m_candle_dn+30m_rsi_mid,2,3,"DIA,IWM,SPY",3/4,19.666666666666668,0.6870129870129871,0.0020160794795439003,0.0008724142094624333,11,0.6,0.0012260941115743,0.02981944489847637,DIA n=28 WR=64% avg=+0.123% Δ=+0.034% | IWM n=20 WR=60% avg=+0.242% Δ=+0.090% | SPY n=11 WR=82% avg=+0.241% Δ=+0.139%
L1_prior_up,15m_candle_dn+30m_bb_mid,2,3,"DIA,IWM,SPY",3/4,29.333333333333332,0.6513097713097714,0.0016368850187494335,0.0004932197486679292,25,0.6216216216216216,0.0009698755918143,0.029714830507421325,DIA n=37 WR=62% avg=+0.097% Δ=+0.008% | IWM n=25 WR=64% avg=+0.227% Δ=+0.075% | SPY n=26 WR=69% avg=+0.167% Δ=+0.065%
L1_prior_up,15m_candle_dn+1w_bb_mid,2,3,"DIA,IWM,SPY",3/4,30.0,0.6467310167310169,0.0015903958361780997,0.00044673056609664574,25,0.6216216216216216,0.0009543498748572,0.02909841935510586,DIA n=37 WR=62% avg=+0.095% Δ=+0.006% | IWM n=25 WR=64% avg=+0.227% Δ=+0.075% | SPY n=28 WR=68% avg=+0.155% Δ=+0.053%
L2_hvol,15m_candle_dn+30m_bb_mid,2,3,"DIA,IWM,SPY",3/4,23.0,0.7095238095238096,0.0016761455831063,0.00044864159227375077,18,0.6666666666666666,0.0012289598667661,0.02843852398250078,DIA n=30 WR=70% avg=+0.123% Δ=+0.005% | IWM n=18 WR=67% avg=+0.193% Δ=+0.061% | SPY n=21 WR=76% avg=+0.187% Δ=+0.069%
L2_hvol,15m_candle_dn+1w_above_sma9,2,3,"DIA,IWM,SPY",3/4,23.333333333333332,0.6979797979797979,0.0016300591388628332,0.0004025551480302746,18,0.6666666666666666,0.0012098114825191,0.027577834367876915,DIA n=30 WR=70% avg=+0.121% Δ=+0.003% | IWM n=18 WR=67% avg=+0.193% Δ=+0.061% | SPY n=22 WR=73% avg=+0.175% Δ=+0.057%
L3_rsi35,15m_candle_dn+1h_bb_mid,2,3,"DIA,QQQ,SPY",3/4,14.666666666666666,0.7725146198830409,0.001999450888138133,0.0005623091961103,10,0.6842105263157895,0.0013565879404293,0.027452335086016827,DIA n=19 WR=68% avg=+0.136% Δ=+0.013% | QQQ n=10 WR=70% avg=+0.303% Δ=+0.102% | SPY n=15 WR=93% avg=+0.161% Δ=+0.053%
L1_prior_up,15m_candle_dn+1d_bb_mid,2,3,"DIA,IWM,SPY",3/4,29.666666666666668,0.6427627627627627,0.0015104160428029666,0.00036675077272151237,25,0.6216216216216216,0.0009543498748572,0.027373832148116478,DIA n=37 WR=62% avg=+0.095% Δ=+0.006% | IWM n=25 WR=64% avg=+0.227% Δ=+0.075% | SPY n=27 WR=67% avg=+0.131% Δ=+0.029%
L2_hvol,15m_candle_dn+1h_bb_mid,2,3,"DIA,IWM,SPY",3/4,21.666666666666668,0.691086691086691,0.0016708340008035668,0.000443330009971,18,0.6666666666666666,0.0012914183870647,0.027368839294333636,DIA n=26 WR=69% avg=+0.129% Δ=+0.011% | IWM n=18 WR=67% avg=+0.193% Δ=+0.061% | SPY n=21 WR=71% avg=+0.179% Δ=+0.061%
L3_rsi35,15m_candle_dn+30m_bb_mid,2,3,"DIA,QQQ,SPY",3/4,15.333333333333334,0.7666666666666666,0.0019695201443190335,0.0005323784522911797,10,0.6666666666666666,0.0013075012231188,0.027214202514491498,DIA n=21 WR=67% avg=+0.131% Δ=+0.008% | QQQ n=10 WR=70% avg=+0.303% Δ=+0.102% | SPY n=15 WR=93% avg=+0.157% Δ=+0.049%
L2_hvol,15m_candle_dn+1w_bb_mid,2,3,"DIA,IWM,SPY",3/4,23.0,0.6936507936507935,0.0016195005509452001,0.00039199656011264125,18,0.6666666666666666,0.0012098114825191,0.02706638690209242,DIA n=30 WR=70% avg=+0.121% Δ=+0.003% | IWM n=18 WR=67% avg=+0.193% Δ=+0.061% | SPY n=21 WR=71% avg=+0.172% Δ=+0.054%
L3_rsi35,1d_bb_mid+1w_above_sma9,2,3,"DIA,QQQ,SPY",3/4,20.0,0.8144078144078145,0.0015968763576483002,0.00015973466562045686,13,0.6923076923076923,0.0011520482334688,0.026578943255606342,DIA n=26 WR=69% avg=+0.123% Δ=+0.000% | QQQ n=13 WR=85% avg=+0.241% Δ=+0.041% | SPY n=21 WR=90% avg=+0.115% Δ=+0.007%
L2_hvol,15m_candle_dn+1w_rsi_hi,2,3,"DIA,IWM,SPY",3/4,21.0,0.6999999999999998,0.0016721682163213334,0.00044466422548877457,15,0.6666666666666666,0.0012098114825191,0.02646964842803715,DIA n=30 WR=70% avg=+0.121% Δ=+0.003% | IWM n=18 WR=67% avg=+0.193% Δ=+0.061% | SPY n=15 WR=73% avg=+0.187% Δ=+0.069%
L2_hvol,1d_rsi_mid+1w_above_sma9,2,3,"DIA,IWM,SPY",3/4,26.666666666666668,0.6876657824933687,0.0015688542515859,0.0003413502607533333,12,0.6206896551724138,0.0011834615838809,0.026318950357365305,DIA n=39 WR=69% avg=+0.118% Δ=+0.000% | IWM n=29 WR=62% avg=+0.132% Δ=+0.000% | SPY n=12 WR=75% avg=+0.220% Δ=+0.102%
L2_hvol,1d_rsi_mid+30m_bb_mid,2,3,"DIA,IWM,SPY",3/4,27.666666666666668,0.7043324491600353,0.0014618855175466,0.00023438152671405614,15,0.6206896551724138,0.0011981911102247,0.02629100480226959,DIA n=39 WR=69% avg=+0.120% Δ=+0.001% | IWM n=29 WR=62% avg=+0.132% Δ=+0.000% | SPY n=15 WR=80% avg=+0.187% Δ=+0.069%
L2_hvol,1d_rsi_mid+1w_bb_mid,2,3,"DIA,IWM,SPY",3/4,27.666666666666668,0.7043324491600353,0.0014569756754320002,0.00022947168459943332,15,0.6206896551724138,0.0011834615838809,0.026181329350786285,DIA n=39 WR=69% avg=+0.118% Δ=+0.000% | IWM n=29 WR=62% avg=+0.132% Δ=+0.000% | SPY n=15 WR=80% avg=+0.187% Δ=+0.069%
L2_hvol,1d_rsi_mid+1h_bb_mid,2,3,"DIA,IWM,SPY",3/4,26.333333333333332,0.7021346469622332,0.0014761792937523003,0.0002486753029197475,15,0.6206896551724138,0.0012410724388418,0.026075173251864557,DIA n=35 WR=69% avg=+0.124% Δ=+0.006% | IWM n=29 WR=62% avg=+0.132% Δ=+0.000% | SPY n=15 WR=80% avg=+0.187% Δ=+0.069%
L2_hvol,1w_above_sma9+30m_bb_mid,2,3,"DIA,IWM,SPY",3/4,33.333333333333336,0.6876657824933687,0.0012724680161083,4.496402527575616e-05,29,0.6206896551724138,0.0011981911102247,0.026074284458945093,DIA n=39 WR=69% avg=+0.120% Δ=+0.001% | IWM n=29 WR=62% avg=+0.132% Δ=+0.000% | SPY n=32 WR=75% avg=+0.130% Δ=+0.012%
L2_hvol,1w_bb_mid+30m_bb_mid,2,3,"DIA,IWM,SPY",3/4,34.333333333333336,0.6948086396362259,0.0012461099151654,1.8605924332887092e-05,29,0.6206896551724138,0.0011981911102247,0.02606494985852538,DIA n=39 WR=69% avg=+0.120% Δ=+0.001% | IWM n=29 WR=62% avg=+0.132% Δ=+0.000% | SPY n=35 WR=77% avg=+0.122% Δ=+0.004%
L3_rsi35,1d_bb_mid+1w_rsi_hi,2,3,"DIA,QQQ,SPY",3/4,18.0,0.797614150555327,0.0016932896159609666,0.0002561479239331,11,0.6923076923076923,0.0012254774136195,0.026026027800053222,DIA n=26 WR=69% avg=+0.123% Δ=+0.000% | QQQ n=11 WR=82% avg=+0.256% Δ=+0.055% | SPY n=17 WR=88% avg=+0.130% Δ=+0.022%
L2_hvol,1h_bb_mid+30m_bb_mid,2,3,"DIA,IWM,SPY",3/4,32.666666666666664,0.6903699410798803,0.0012693912028025668,4.188721197001381e-05,29,0.6206896551724138,0.0012301569797326,0.02586223760107008,DIA n=35 WR=69% avg=+0.126% Δ=+0.007% | IWM n=29 WR=62% avg=+0.132% Δ=+0.000% | SPY n=34 WR=76% avg=+0.123% Δ=+0.005%
L3_rsi35,1d_bb_mid+1h_bb_mid,2,3,"DIA,QQQ,SPY",3/4,21.0,0.794043374925728,0.0014949974444313334,5.785575240351033e-05,17,0.7083333333333334,0.0010896139876579,0.025793400640079546,DIA n=24 WR=71% avg=+0.126% Δ=+0.003% | QQQ n=17 WR=76% avg=+0.214% Δ=+0.013% | SPY n=22 WR=91% avg=+0.109% Δ=+0.001%
L3_rsi35,1h_bb_mid+1w_above_sma9,2,3,"DIA,QQQ,SPY",3/4,19.333333333333332,0.798015873015873,0.0015483560751603,0.00011121438313248411,14,0.7083333333333334,0.0011650539520767,0.025430146127001296,DIA n=24 WR=71% avg=+0.126% Δ=+0.003% | QQQ n=14 WR=79% avg=+0.222% Δ=+0.022% | SPY n=20 WR=90% avg=+0.117% Δ=+0.008%
L2_hvol,15m_candle_dn+1d_bb_mid,2,3,"DIA,IWM,SPY",3/4,23.0,0.6936507936507935,0.0015149927417458335,0.0002874887509133079,18,0.6666666666666666,0.0012098114825191,0.025321768168887055,DIA n=30 WR=70% avg=+0.121% Δ=+0.003% | IWM n=18 WR=67% avg=+0.193% Δ=+0.061% | SPY n=21 WR=71% avg=+0.140% Δ=+0.022%
L1_prior_up,15m_candle_dn+1d_above_sma9,2,3,"DIA,QQQ,SPY",3/4,27.0,0.6433183183183183,0.0014961500762253332,0.0006003107899588792,20,0.6,0.0009543498748572,0.02529176027413485,DIA n=37 WR=62% avg=+0.095% Δ=+0.006% | QQQ n=20 WR=60% avg=+0.214% Δ=+0.136% | SPY n=24 WR=71% avg=+0.139% Δ=+0.038%
L3_rsi35,1w_above_sma9+30m_bb_mid,2,3,"DIA,QQQ,SPY",3/4,20.0,0.7926739926739926,0.0015275046964860666,9.03630044582592e-05,14,0.6923076923076923,0.0011345248164665,0.025245504663403105,DIA n=26 WR=69% avg=+0.123% Δ=+0.000% | QQQ n=14 WR=79% avg=+0.222% Δ=+0.022% | SPY n=20 WR=90% avg=+0.113% Δ=+0.005%
L3_rsi35,15m_below_sma9+30m_rsi_mid,2,3,"DIA,QQQ,SPY",3/4,14.666666666666666,0.8208360267183797,0.001677864408826667,0.00024072271679880715,13,0.7647058823529411,0.0010969899442736,0.02502898194837811,DIA n=17 WR=76% avg=+0.180% Δ=+0.058% | QQQ n=13 WR=77% avg=+0.213% Δ=+0.013% | SPY n=14 WR=93% avg=+0.110% Δ=+0.002%
L2_hvol,15m_candle_dn+1d_above_sma9,2,3,"DIA,QQQ,SPY",3/4,20.666666666666668,0.688235294117647,0.0016176683278355001,0.0005862264345967078,15,0.6,0.0012098114825191,0.024926044394924404,DIA n=30 WR=70% avg=+0.121% Δ=+0.003% | QQQ n=15 WR=60% avg=+0.212% Δ=+0.139% | SPY n=17 WR=76% avg=+0.152% Δ=+0.034%
L3_rsi35,1w_above_sma9+1w_rsi_hi,2,3,"DIA,QQQ,SPY",3/4,18.333333333333332,0.7748868778280542,0.0016152161045597665,0.0001780744125319,12,0.6923076923076923,0.0012254774136195,0.02490503657902201,DIA n=26 WR=69% avg=+0.123% Δ=+0.000% | QQQ n=12 WR=75% avg=+0.232% Δ=+0.032% | SPY n=17 WR=88% avg=+0.130% Δ=+0.022%
L2_hvol,1d_bb_mid+1h_candle_dn,2,3,"DIA,IWM,QQQ",3/4,14.333333333333334,0.7234695129431973,0.0017913680811146332,0.0007125887913813333,11,0.6153846153846154,0.0016917667760928,0.024806438286471992,DIA n=19 WR=74% avg=+0.190% Δ=+0.072% | IWM n=13 WR=62% avg=+0.178% Δ=+0.046% | QQQ n=11 WR=82% avg=+0.169% Δ=+0.096%
L3_rsi35,1h_bb_mid+1w_rsi_hi,2,3,"DIA,QQQ,SPY",3/4,17.333333333333332,0.7777777777777778,0.0016343700561021,0.00019722836407426867,12,0.7083333333333334,0.001257502414032,0.0247791896227588,DIA n=24 WR=71% avg=+0.126% Δ=+0.003% | QQQ n=12 WR=75% avg=+0.232% Δ=+0.032% | SPY n=16 WR=88% avg=+0.132% Δ=+0.024%
L2_hvol,1w_rsi_hi+30m_bb_mid,2,3,"DIA,IWM,SPY",3/4,30.0,0.6800900249176111,0.0012872274055473001,5.972341471475615e-05,22,0.6206896551724138,0.0011981911102247,0.02462185832017213,DIA n=39 WR=69% avg=+0.120% Δ=+0.001% | IWM n=29 WR=62% avg=+0.132% Δ=+0.000% | SPY n=22 WR=73% avg=+0.134% Δ=+0.016%
L3_rsi35,1w_rsi_hi+30m_bb_mid,2,3,"DIA,QQQ,SPY",3/4,18.0,0.7724358974358975,0.0016109745827936998,0.00017383289076586665,12,0.6923076923076923,0.0012254774136195,0.024575802974893167,DIA n=26 WR=69% avg=+0.123% Δ=+0.000% | QQQ n=12 WR=75% avg=+0.232% Δ=+0.032% | SPY n=16 WR=88% avg=+0.129% Δ=+0.021%
L2_hvol,1w_above_sma9+1w_rsi_hi,2,3,"DIA,IWM,SPY",3/4,31.0,0.6643324491600353,0.0012520770178179668,2.457302698542347e-05,25,0.6206896551724138,0.0011834615838809,0.024169748266088358,DIA n=39 WR=69% avg=+0.118% Δ=+0.000% | IWM n=29 WR=62% avg=+0.132% Δ=+0.000% | SPY n=25 WR=68% avg=+0.125% Δ=+0.007%
L2_hvol,1h_bb_mid+1h_candle_dn,2,3,"DIA,IWM,QQQ",3/4,14.666666666666666,0.7007422402159245,0.0017372862677530333,0.0006585069780197333,12,0.6153846153846154,0.001529521336008,0.024033200256648138,DIA n=19 WR=74% avg=+0.190% Δ=+0.072% | IWM n=13 WR=62% avg=+0.178% Δ=+0.046% | QQQ n=12 WR=75% avg=+0.153% Δ=+0.080%
L2_hvol,1h_bb_mid+1w_rsi_hi,2,3,"DIA,IWM,SPY",3/4,29.0,0.6528592846433926,0.0012731416117883001,4.5637620955755196e-05,23,0.6206896551724138,0.0012410724388418,0.023625643429235385,DIA n=35 WR=69% avg=+0.124% Δ=+0.006% | IWM n=29 WR=62% avg=+0.132% Δ=+0.000% | SPY n=23 WR=65% avg=+0.126% Δ=+0.008%
L2_hvol,1d_bb_mid+1d_rsi_mid,2,3,"DIA,IWM,SPY",3/4,27.333333333333332,0.6995705443981306,0.0012872315317861334,5.972754095356667e-05,14,0.6206896551724138,0.0011834615838809,0.023313041873689773,DIA n=39 WR=69% avg=+0.118% Δ=+0.000% | IWM n=29 WR=62% avg=+0.132% Δ=+0.000% | SPY n=14 WR=79% avg=+0.136% Δ=+0.018%
L2_hvol,1h_candle_dn+1w_above_sma9,2,3,"DIA,IWM,QQQ",3/4,14.333333333333334,0.6931664826401668,0.0017096433676993,0.0006308640779659999,11,0.6153846153846154,0.0014465926358468,0.023298393817903135,DIA n=19 WR=74% avg=+0.190% Δ=+0.072% | IWM n=13 WR=62% avg=+0.178% Δ=+0.046% | QQQ n=11 WR=73% avg=+0.145% Δ=+0.071%
L1_prior_up,1h_bb_mid+1w_above_sma9,2,3,"DIA,QQQ,SPY",3/4,38.666666666666664,0.6483796296296296,0.0010517242807798,0.000155884994513253,32,0.6222222222222222,0.0009682299960212,0.022443261600482965,DIA n=45 WR=62% avg=+0.097% Δ=+0.008% | QQQ n=32 WR=66% avg=+0.105% Δ=+0.027% | SPY n=39 WR=67% avg=+0.114% Δ=+0.012%
L2_hvol,1d_bb_mid+1w_above_sma9,2,3,"DIA,IWM,QQQ",3/4,31.666666666666668,0.6475423257032452,0.0011470653252828667,6.828603554956667e-05,27,0.6206896551724138,0.0009372031029176,0.022282670049177347,DIA n=39 WR=69% avg=+0.118% Δ=+0.000% | IWM n=29 WR=62% avg=+0.132% Δ=+0.000% | QQQ n=27 WR=63% avg=+0.094% Δ=+0.020%
L2_hvol,1d_bb_mid+1h_bb_mid,2,3,"DIA,IWM,QQQ",3/4,31.666666666666668,0.6397690555643837,0.0011269839250515,4.820463531822494e-05,29,0.6129032258064516,0.0008193480472626,0.02175238114761236,DIA n=35 WR=69% avg=+0.124% Δ=+0.006% | IWM n=29 WR=62% avg=+0.132% Δ=+0.000% | QQQ n=31 WR=61% avg=+0.082% Δ=+0.009%
L3_rsi35,1h_rsi_mid+1w_rsi_hi,2,3,"DIA,IWM,SPY",3/4,14.0,0.7411255411255412,0.0015238486788914667,0.0003039438358316,10,0.6,0.0014791158068451,0.020774993778711115,DIA n=21 WR=71% avg=+0.149% Δ=+0.026% | IWM n=10 WR=60% avg=+0.160% Δ=+0.025% | SPY n=11 WR=91% avg=+0.148% Δ=+0.040%
L3_rsi35,1h_rsi_mid+1w_above_sma9,2,3,"DIA,IWM,SPY",3/4,15.0,0.7476190476190476,0.0014609926011352667,0.00024108775807536666,10,0.6,0.0012905475735765,0.02076072269045815,DIA n=21 WR=71% avg=+0.149% Δ=+0.026% | IWM n=10 WR=60% avg=+0.160% Δ=+0.025% | SPY n=14 WR=93% avg=+0.129% Δ=+0.021%
L3_rsi35,1h_bb_mid+1h_rsi_mid,2,3,"DIA,IWM,SPY",3/4,15.0,0.7581140350877194,0.001443905738376,0.00022400089531611597,10,0.6,0.0011711309198131,0.02070594164849396,DIA n=19 WR=74% avg=+0.156% Δ=+0.033% | IWM n=10 WR=60% avg=+0.160% Δ=+0.025% | SPY n=16 WR=94% avg=+0.117% Δ=+0.009%
L1_prior_up,1w_above_sma9+30m_bb_mid,2,3,"DIA,QQQ,SPY",3/4,40.666666666666664,0.6406191950464396,0.0009493559215788001,5.3516635312355005e-05,34,0.6176470588235294,0.000882551743836,0.020658583867440593,DIA n=50 WR=62% avg=+0.090% Δ=+0.001% | QQQ n=34 WR=62% avg=+0.088% Δ=+0.010% | SPY n=38 WR=68% avg=+0.106% Δ=+0.004%
L3_rsi35,1d_bb_mid+1h_rsi_mid,2,3,"DIA,IWM,SPY",3/4,15.666666666666666,0.7505952380952382,0.0014211870498808,0.00020128220682094928,10,0.6,0.0011711309198131,0.02059645853416105,DIA n=21 WR=71% avg=+0.149% Δ=+0.026% | IWM n=10 WR=60% avg=+0.160% Δ=+0.025% | SPY n=16 WR=94% avg=+0.117% Δ=+0.009%
L3_rsi35,1h_rsi_mid+30m_bb_mid,2,3,"DIA,IWM,SPY",3/4,15.333333333333334,0.7492063492063492,0.001413822924243,0.00019391808118313634,10,0.6,0.0011490385428997,0.020241085980383787,DIA n=21 WR=71% avg=+0.149% Δ=+0.026% | IWM n=10 WR=60% avg=+0.160% Δ=+0.025% | SPY n=15 WR=93% avg=+0.115% Δ=+0.007%
L3_rsi35,1h_rsi_mid+1w_bb_mid,2,3,"DIA,IWM,SPY",3/4,15.333333333333334,0.7492063492063492,0.0014135421984466,0.00019363735538675464,10,0.6,0.0011481963655105,0.020236410821146265,DIA n=21 WR=71% avg=+0.149% Δ=+0.026% | IWM n=10 WR=60% avg=+0.160% Δ=+0.025% | SPY n=15 WR=93% avg=+0.115% Δ=+0.007%
L3_rsi35,15m_below_sma9+1h_above_sma9,2,2,"QQQ,SPY",2/4,12.0,1.0,0.0028322254231593,0.00128925159192725,11,1.0,0.001490232436032,0.028826138580581147,QQQ n=11 WR=100% avg=+0.417% Δ=+0.217% | SPY n=13 WR=100% avg=+0.149% Δ=+0.041%
raw_bb_dn,15m_vwap_dn+1h_bb_mid,2,2,"IWM,QQQ",2/4,30.5,0.6653846153846154,0.0020119198934012,0.00125947467252655,26,0.6,0.0014744240178625,0.02559450129504684,IWM n=35 WR=60% avg=+0.147% Δ=+0.081% | QQQ n=26 WR=73% avg=+0.255% Δ=+0.171%
raw_bb_dn,15m_vwap_dn+30m_bb_mid,2,2,"IWM,QQQ",2/4,29.0,0.6430303030303031,0.0019562833658521997,0.00120383814497755,25,0.6060606060606061,0.0015294444066807,0.02377825826651765,IWM n=33 WR=61% avg=+0.153% Δ=+0.087% | QQQ n=25 WR=68% avg=+0.238% Δ=+0.154%
L3_rsi35,1d_bb_mid+1h_above_sma9,2,2,"QQQ,SPY",2/4,14.0,0.9285714285714286,0.0021702144250747,0.00062724059384265,14,0.9285714285714286,0.0013333487525224,0.023200568098468894,QQQ n=14 WR=93% avg=+0.301% Δ=+0.100% | SPY n=14 WR=93% avg=+0.133% Δ=+0.025%
L1_prior_up,15m_candle_dn+1d_candle_dn,2,2,"IWM,SPY",2/4,17.5,0.72,0.0023610172883569503,0.00109072438869985,10,0.64,0.0022670313310926,0.023014501082277657,IWM n=25 WR=64% avg=+0.227% Δ=+0.075% | SPY n=10 WR=80% avg=+0.246% Δ=+0.144%
L1_prior_up,1h_rsi_mid+30m_candle_up,2,2,"IWM,SPY",2/4,14.0,0.7564102564102564,0.0024752898501390497,0.00120499695048195,13,0.6666666666666666,0.0015968394535242,0.02290427277805201,IWM n=15 WR=67% avg=+0.335% Δ=+0.183% | SPY n=13 WR=85% avg=+0.160% Δ=+0.058%
L3_rsi35,15m_below_sma9+1h_bb_mid,2,2,"DIA,QQQ",2/4,16.5,0.7612781954887218,0.00225432139302985,0.0006391184547660501,14,0.7368421052631579,0.0016399876443708,0.02264186181499382,DIA n=19 WR=74% avg=+0.164% Δ=+0.041% | QQQ n=14 WR=79% avg=+0.287% Δ=+0.086%
raw_bb_dn,1h_bb_mid+30m_vwap_dn,2,2,"IWM,QQQ",2/4,20.5,0.6866028708133971,0.0020561579763080503,0.0013037127554334,19,0.6363636363636364,0.0014433024818661,0.022082199652701445,IWM n=22 WR=64% avg=+0.144% Δ=+0.078% | QQQ n=19 WR=74% avg=+0.267% Δ=+0.183%
L1_prior_up,15m_bb_mid+15m_candle_dn,2,2,"IWM,SPY",2/4,25.0,0.6594202898550725,0.00191614773663255,0.00064585483697545,23,0.6521739130434783,0.0015946426159144,0.02203145327933493,IWM n=23 WR=65% avg=+0.224% Δ=+0.072% | SPY n=27 WR=67% avg=+0.159% Δ=+0.058%
L3_rsi35,15m_below_sma9+1h_candle_up,2,2,"QQQ,SPY",2/4,11.0,0.9090909090909092,0.0024069590396015497,0.0008639852083695,11,0.8181818181818182,0.0014171891821509,0.02190063546650487,QQQ n=11 WR=82% avg=+0.340% Δ=+0.139% | SPY n=11 WR=100% avg=+0.142% Δ=+0.034%
L3_rsi35,1h_above_sma9+30m_bb_mid,2,2,"QQQ,SPY",2/4,14.5,0.8976190476190476,0.0020614724716563,0.0005184986404243,14,0.8666666666666667,0.0013333487525224,0.02189259697578163,QQQ n=15 WR=87% avg=+0.279% Δ=+0.078% | SPY n=14 WR=93% avg=+0.133% Δ=+0.025%
L3_rsi35,1h_above_sma9+1h_bb_mid,2,2,"QQQ,SPY",2/4,14.0,0.894871794871795,0.00207844996747215,0.0005354761362401,13,0.8666666666666667,0.0013673037441541,0.021781151916182632,QQQ n=15 WR=87% avg=+0.279% Δ=+0.078% | SPY n=13 WR=92% avg=+0.137% Δ=+0.029%
L3_rsi35,15m_bb_mid+1h_above_sma9,2,2,"QQQ,SPY",2/4,14.5,0.8976190476190476,0.00203329921675105,0.000490325385519,14,0.8666666666666667,0.0013333487525224,0.021594350547160555,QQQ n=15 WR=87% avg=+0.273% Δ=+0.073% | SPY n=14 WR=93% avg=+0.133% Δ=+0.025%
L3_rsi35,15m_below_sma9+1d_bb_mid,2,2,"DIA,QQQ",2/4,17.0,0.7428571428571429,0.0021426336549246,0.0005274307166608,14,0.7,0.0014166121681603,0.021402584697975777,DIA n=20 WR=70% avg=+0.142% Δ=+0.019% | QQQ n=14 WR=79% avg=+0.287% Δ=+0.086%
L3_rsi35,15m_below_sma9+30m_bb_mid,2,2,"DIA,QQQ",2/4,17.0,0.7428571428571429,0.0021426336549246,0.0005274307166608,14,0.7,0.0014166121681603,0.021402584697975777,DIA n=20 WR=70% avg=+0.142% Δ=+0.019% | QQQ n=14 WR=79% avg=+0.287% Δ=+0.086%
L1_prior_up,1h_bb_mid+30m_candle_up,2,2,"IWM,SPY",2/4,22.5,0.6428571428571428,0.00199734326228395,0.00072705036262685,21,0.6190476190476191,0.0013051932151408,0.021251846144282174,IWM n=21 WR=62% avg=+0.269% Δ=+0.117% | SPY n=24 WR=67% avg=+0.131% Δ=+0.029%
raw_bb_dn,15m_bb_mid+15m_vwap_dn,2,2,"IWM,QQQ",2/4,27.0,0.6333333333333333,0.00180209398206,0.00104964876118535,24,0.6,0.0014108591753978,0.02103627155200783,IWM n=30 WR=60% avg=+0.141% Δ=+0.075% | QQQ n=24 WR=67% avg=+0.219% Δ=+0.135%
raw_bb_dn,1d_candle_dn+1w_above_sma9,2,2,"QQQ,SPY",2/4,50.0,0.6474747474747475,0.0013147955546395,0.0006281493024182,45,0.6222222222222222,0.0010145340443433,0.020981887261720476,QQQ n=45 WR=62% avg=+0.162% Δ=+0.077% | SPY n=55 WR=67% avg=+0.101% Δ=+0.048%
L1_prior_up,1d_candle_dn+30m_candle_up,2,2,"IWM,SPY",2/4,15.5,0.7095238095238096,0.00221706116352705,0.0009467682638699499,10,0.6190476190476191,0.001744629017627,0.02096414733903485,IWM n=21 WR=62% avg=+0.269% Δ=+0.117% | SPY n=10 WR=80% avg=+0.174% Δ=+0.073%
raw_bb_dn,1d_rsi_mid+1w_rsi_hi,2,2,"QQQ,SPY",2/4,32.0,0.6441441441441441,0.0016118379309967,0.0009251916787753999,27,0.6216216216216216,0.0014385604349048,0.02089986266066348,QQQ n=37 WR=62% avg=+0.179% Δ=+0.094% | SPY n=27 WR=67% avg=+0.144% Δ=+0.091%
L1_prior_up,15m_candle_dn+1h_rsi_mid,2,2,"DIA,SPY",2/4,19.0,0.8035714285714286,0.00202457506009215,0.0010696131401726,10,0.6071428571428571,0.0012207945049642,0.020568031417214465,DIA n=28 WR=61% avg=+0.122% Δ=+0.033% | SPY n=10 WR=100% avg=+0.283% Δ=+0.181%
L3_rsi35,1d_bb_mid+30m_candle_dn,2,2,"DIA,QQQ",2/4,13.0,0.7636363636363637,0.00226985274367225,0.0006546498054084,11,0.7272727272727273,0.0020401687022214,0.020446123637508834,DIA n=15 WR=80% avg=+0.204% Δ=+0.081% | QQQ n=11 WR=73% avg=+0.250% Δ=+0.049%
L1_prior_up,15m_candle_dn+15m_rsi_mid,2,2,"IWM,SPY",2/4,21.0,0.6418764302059496,0.0019298207257085502,0.0006595278260514499,19,0.631578947368421,0.0015885290681509,0.020384652779952737,IWM n=23 WR=65% avg=+0.227% Δ=+0.075% | SPY n=19 WR=63% avg=+0.159% Δ=+0.057%
L2_hvol,1h_rsi_mid+30m_candle_up,2,2,"IWM,SPY",2/4,12.0,0.75,0.00235227790398665,0.00110275270967825,12,0.6666666666666666,0.0017283088333564,0.02001107550523814,IWM n=12 WR=67% avg=+0.298% Δ=+0.166% | SPY n=12 WR=83% avg=+0.173% Δ=+0.055%
L3_rsi35,1h_above_sma9+1w_above_sma9,2,2,"QQQ,SPY",2/4,13.5,0.8873626373626373,0.0019901825380024,0.0004472087067704,13,0.8461538461538461,0.0013333487525224,0.019974678017942248,QQQ n=13 WR=85% avg=+0.265% Δ=+0.064% | SPY n=14 WR=93% avg=+0.133% Δ=+0.025%
L2_hvol,15m_candle_dn+30m_candle_up,2,2,"IWM,SPY",2/4,11.0,0.6818181818181819,0.0025544339484124,0.0013049087541039499,11,0.6363636363636364,0.0023069289785567,0.019950335618692746,IWM n=11 WR=64% avg=+0.280% Δ=+0.148% | SPY n=11 WR=73% avg=+0.231% Δ=+0.113%
L2_hvol,1d_rsi_mid+1h_rsi_mid,2,2,"DIA,SPY",2/4,21.5,0.7984848484848486,0.0018695435404076,0.00068855319868385,10,0.696969696969697,0.0013609045957519,0.01988633442135633,DIA n=33 WR=70% avg=+0.136% Δ=+0.018% | SPY n=10 WR=90% avg=+0.238% Δ=+0.120%
L2_hvol,1h_bb_mid+30m_candle_up,2,2,"IWM,SPY",2/4,19.5,0.6904761904761905,0.00191558965248245,0.000666064458174,18,0.6666666666666666,0.0014143670316167,0.019832935267673574,IWM n=18 WR=67% avg=+0.242% Δ=+0.110% | SPY n=21 WR=71% avg=+0.141% Δ=+0.024%
L1_prior_up,30m_bb_mid+30m_candle_up,2,2,"IWM,SPY",2/4,21.5,0.6277056277056277,0.0019089107206712,0.00063861782101405,21,0.6190476190476191,0.0011283281319153,0.019806054711207714,IWM n=21 WR=62% avg=+0.269% Δ=+0.117% | SPY n=22 WR=64% avg=+0.113% Δ=+0.011%
L2_hvol,30m_bb_mid+30m_candle_up,2,2,"IWM,SPY",2/4,18.5,0.7017543859649122,0.00192384151517205,0.0006743163208635999,18,0.6666666666666666,0.0014308707569959,0.01967682065394402,IWM n=18 WR=67% avg=+0.242% Δ=+0.110% | SPY n=19 WR=74% avg=+0.143% Δ=+0.025%
L3_rsi35,1h_above_sma9+1w_rsi_hi,2,2,"QQQ,SPY",2/4,11.5,0.8674242424242424,0.0021525434214627,0.0006095695902306999,11,0.8181818181818182,0.0014731764220305,0.019610450054049634,QQQ n=11 WR=82% avg=+0.283% Δ=+0.083% | SPY n=12 WR=92% avg=+0.147% Δ=+0.039%
raw_bb_dn,1d_rsi_mid+1w_above_sma9,2,2,"QQQ,SPY",2/4,38.0,0.6185031185031185,0.0014210474545888999,0.0007344012023676,37,0.6153846153846154,0.0010569794820892,0.019541523018957084,QQQ n=37 WR=62% avg=+0.179% Δ=+0.094% | SPY n=39 WR=62% avg=+0.106% Δ=+0.053%
L1_prior_up,1w_bb_mid+30m_candle_up,2,2,"IWM,SPY",2/4,22.0,0.6138716356107661,0.00188316744058145,0.0006128745409243471,21,0.6086956521739131,0.0010768415717358,0.019517738789745612,IWM n=21 WR=62% avg=+0.269% Δ=+0.117% | SPY n=23 WR=61% avg=+0.108% Δ=+0.006%
L3_rsi35,30m_bb_mid+30m_candle_dn,2,2,"DIA,QQQ",2/4,13.5,0.7333333333333334,0.00216373059457365,0.0005485276563098,12,0.6666666666666666,0.0020401687022214,0.019515983760598744,DIA n=15 WR=80% avg=+0.204% Δ=+0.081% | QQQ n=12 WR=67% avg=+0.229% Δ=+0.028%
raw_bb_dn,30m_bb_mid+30m_vwap_dn,2,2,"IWM,QQQ",2/4,19.5,0.6428571428571428,0.0019439340201035,0.0011914887992288499,18,0.6190476190476191,0.00144317336924,0.019501388083587225,IWM n=21 WR=62% avg=+0.144% Δ=+0.078% | QQQ n=18 WR=67% avg=+0.244% Δ=+0.160%
L2_hvol,1w_above_sma9+30m_candle_up,2,2,"IWM,SPY",2/4,18.0,0.6666666666666666,0.0019662061744885,0.0007166809801800499,18,0.6666666666666666,0.0015156000756288,0.019464448068683495,IWM n=18 WR=67% avg=+0.242% Δ=+0.110% | SPY n=18 WR=67% avg=+0.152% Δ=+0.034%
L3_rsi35,15m_bb_mid+30m_candle_dn,2,2,"DIA,QQQ",2/4,13.0,0.7678571428571428,0.0021456046493280503,0.0005304017110641999,12,0.75,0.0018170972748028,0.01945473346043805,DIA n=14 WR=79% avg=+0.182% Δ=+0.059% | QQQ n=12 WR=75% avg=+0.247% Δ=+0.047%
L3_rsi35,15m_bb_mid+1d_bb_mid,2,2,"QQQ,SPY",2/4,19.5,0.8663101604278075,0.0016650750021021,0.00012210117087011407,17,0.8235294117647058,0.0011101189669548,0.019451846771271313,QQQ n=17 WR=82% avg=+0.222% Δ=+0.022% | SPY n=22 WR=91% avg=+0.111% Δ=+0.003%
L1_prior_up,15m_candle_dn+1d_rsi_mid,2,2,"DIA,IWM",2/4,31.0,0.6308108108108108,0.0016106906029749,0.0004049496123071186,25,0.6216216216216216,0.0009543498748572,0.019433185935130822,DIA n=37 WR=62% avg=+0.095% Δ=+0.006% | IWM n=25 WR=64% avg=+0.227% Δ=+0.075%
L1_prior_up,15m_candle_dn+1w_candle_dn,2,2,"DIA,IWM",2/4,31.0,0.6308108108108108,0.0016106906029749,0.0004049496123071186,25,0.6216216216216216,0.0009543498748572,0.019433185935130822,DIA n=37 WR=62% avg=+0.095% Δ=+0.006% | IWM n=25 WR=64% avg=+0.227% Δ=+0.075%
L1_prior_up,1h_candle_up+30m_candle_up,2,2,"IWM,SPY",2/4,15.0,0.660633484162896,0.00218106117986955,0.00091076828021245,13,0.6153846153846154,0.0016842944986304,0.01914336847900118,IWM n=13 WR=62% avg=+0.268% Δ=+0.116% | SPY n=17 WR=71% avg=+0.168% Δ=+0.066%
L3_rsi35,1h_above_sma9+1h_candle_up,2,2,"QQQ,SPY",2/4,11.0,0.9166666666666667,0.0020512612777274,0.0005082874464954,10,0.8333333333333334,0.0013528908659374,0.019117329611921113,QQQ n=12 WR=83% avg=+0.275% Δ=+0.074% | SPY n=10 WR=100% avg=+0.135% Δ=+0.027%
L3_rsi35,1h_above_sma9+30m_candle_dn,2,2,"QQQ,SPY",2/4,11.0,0.9,0.00216835334317935,0.000625379511947369,10,0.8,0.001140747389763,0.019065961205374918,QQQ n=10 WR=80% avg=+0.320% Δ=+0.119% | SPY n=12 WR=100% avg=+0.114% Δ=+0.006%
L3_rsi35,15m_bb_mid+1h_candle_up,2,2,"QQQ,SPY",2/4,13.5,0.8928571428571428,0.0018879469616347498,0.00034497313040275,13,0.7857142857142857,0.0014345917545631,0.01902204905106571,QQQ n=14 WR=79% avg=+0.234% Δ=+0.034% | SPY n=13 WR=100% avg=+0.143% Δ=+0.035%
L1_prior_up,15m_candle_dn+1h_candle_up,2,2,"IWM,SPY",2/4,20.0,0.6713554987212276,0.0018120643407319999,0.00054177144107485,17,0.6470588235294118,0.0017551467701998,0.018903515082826637,IWM n=17 WR=65% avg=+0.187% Δ=+0.035% | SPY n=23 WR=70% avg=+0.176% Δ=+0.074%
L2_hvol,1d_candle_up+1h_candle_dn,2,2,"DIA,QQQ",2/4,15.0,0.777511961722488,0.0019337249040822999,0.0009758216140074,11,0.7368421052631579,0.0018992405166958,0.01884416067123757,DIA n=19 WR=74% avg=+0.190% Δ=+0.072% | QQQ n=11 WR=82% avg=+0.197% Δ=+0.124%
L2_hvol,1w_bb_mid+30m_candle_up,2,2,"IWM,SPY",2/4,18.5,0.6754385964912281,0.0018670326627212,0.00061750746841275,18,0.6666666666666666,0.0013172530520942,0.01876207838326285,IWM n=18 WR=67% avg=+0.242% Δ=+0.110% | SPY n=19 WR=68% avg=+0.132% Δ=+0.014%
L1_prior_up,15m_candle_dn+1w_candle_up,2,2,"QQQ,SPY",2/4,20.5,0.6794258373205742,0.0017706674219915,0.0008721134980569,19,0.631578947368421,0.0015327109554642,0.01873034034338997,QQQ n=19 WR=63% avg=+0.201% Δ=+0.123% | SPY n=22 WR=73% avg=+0.153% Δ=+0.051%
raw_bb_dn,1d_candle_dn+1w_candle_up,2,2,"QQQ,SPY",2/4,37.0,0.6761695906432749,0.00130234790619565,0.0006157016539744501,36,0.6578947368421053,0.0012237012202211,0.01862704257881078,QQQ n=38 WR=66% avg=+0.138% Δ=+0.054% | SPY n=36 WR=69% avg=+0.122% Δ=+0.069%
L3_rsi35,1d_bb_mid+30m_bb_mid,2,2,"DIA,QQQ",2/4,21.5,0.7285067873303167,0.0016816766726118,6.6473734348e-05,17,0.6923076923076923,0.0012254774136195,0.018598400835221275,DIA n=26 WR=69% avg=+0.123% Δ=+0.000% | QQQ n=17 WR=76% avg=+0.214% Δ=+0.013%
L3_rsi35,1d_bb_mid+1h_candle_up,2,2,"QQQ,SPY",2/4,13.0,0.8846153846153846,0.0018935955200509499,0.0003506216888189,13,0.7692307692307693,0.0014345917545631,0.018524886299606233,QQQ n=13 WR=77% avg=+0.235% Δ=+0.035% | SPY n=13 WR=100% avg=+0.143% Δ=+0.035%
L3_rsi35,15m_bb_mid+1h_bb_mid,2,2,"QQQ,SPY",2/4,19.5,0.8412698412698413,0.0016015140649539,5.854023372189789e-05,18,0.7777777777777778,0.0011205087338902,0.01850284819711902,QQQ n=18 WR=78% avg=+0.208% Δ=+0.008% | SPY n=21 WR=90% avg=+0.112% Δ=+0.004%
raw_bb_dn,1d_candle_dn+30m_vwap_dn,2,2,"IWM,QQQ",2/4,17.0,0.6679841897233202,0.0020598732119583,0.00130742799108365,11,0.6086956521739131,0.001357529837128,0.018461480833938428,IWM n=23 WR=61% avg=+0.136% Δ=+0.069% | QQQ n=11 WR=73% avg=+0.276% Δ=+0.192%
L3_rsi35,1h_candle_up+1w_above_sma9,2,2,"QQQ,SPY",2/4,11.0,0.9,0.00204119950559425,0.0004982256743622,10,0.8,0.0015261140494258,0.018438708891139036,QQQ n=10 WR=80% avg=+0.256% Δ=+0.055% | SPY n=12 WR=100% avg=+0.153% Δ=+0.045%
L1_prior_up,1h_below_sma9+1w_above_sma9,2,2,"DIA,SPY",2/4,12.5,0.8500000000000001,0.00193453719748045,0.00097957527756095,10,0.8,0.0017784892958518,0.018399549411251638,DIA n=15 WR=80% avg=+0.209% Δ=+0.120% | SPY n=10 WR=90% avg=+0.178% Δ=+0.076%
L2_hvol,15m_bb_mid+15m_candle_dn,2,2,"IWM,SPY",2/4,18.0,0.69375,0.0018142375240245501,0.00056471232971615,16,0.6875,0.001779054658746,0.018332156015534715,IWM n=16 WR=69% avg=+0.185% Δ=+0.053% | SPY n=20 WR=70% avg=+0.178% Δ=+0.060%
L3_rsi35,15m_bb_mid+30m_bb_mid,2,2,"QQQ,SPY",2/4,19.5,0.8412698412698413,0.00158697638133,4.400255009800796e-05,18,0.7777777777777778,0.0010914333666424,0.0183156776208088,QQQ n=18 WR=78% avg=+0.208% Δ=+0.008% | SPY n=21 WR=90% avg=+0.109% Δ=+0.001%
L2_hvol,15m_rsi_mid+30m_rsi_mid,2,2,"DIA,SPY",2/4,25.0,0.7920203735144312,0.0014435443649501501,0.00026255402322635,19,0.7419354838709677,0.0013145226677323,0.018289337398136797,DIA n=31 WR=74% avg=+0.131% Δ=+0.013% | SPY n=19 WR=84% avg=+0.157% Δ=+0.039%
L3_rsi35,1h_bb_mid+30m_candle_dn,2,2,"DIA,QQQ",2/4,13.0,0.7261904761904762,0.0020755267376109,0.00046032379934705004,12,0.6666666666666666,0.0018637609882959,0.018209981905772547,DIA n=14 WR=79% avg=+0.186% Δ=+0.064% | QQQ n=12 WR=67% avg=+0.229% Δ=+0.028%
L3_rsi35,15m_candle_dn+30m_candle_dn,2,2,"DIA,SPY",2/4,13.0,0.8928571428571428,0.0018316752707024499,0.00067842696411475,12,0.7857142857142857,0.0015105683906718,0.018205537763946237,DIA n=14 WR=79% avg=+0.215% Δ=+0.093% | SPY n=12 WR=100% avg=+0.151% Δ=+0.043%
L1_prior_up,1h_bb_mid+1h_below_sma9,2,2,"DIA,SPY",2/4,13.5,0.8583333333333334,0.00181426428478195,0.0008593023648624501,12,0.8,0.0015379434704548,0.018073264306139404,DIA n=15 WR=80% avg=+0.209% Δ=+0.120% | SPY n=12 WR=92% avg=+0.154% Δ=+0.052%
L1_prior_up,1h_below_sma9+1h_rsi_mid,2,2,"DIA,SPY",2/4,13.5,0.8583333333333334,0.00181426428478195,0.0008593023648624501,12,0.8,0.0015379434704548,0.018073264306139404,DIA n=15 WR=80% avg=+0.209% Δ=+0.120% | SPY n=12 WR=92% avg=+0.154% Δ=+0.052%
L2_hvol,1w_rsi_hi+30m_candle_up,2,2,"IWM,SPY",2/4,14.5,0.6515151515151515,0.00201726256437025,0.0007677373700618,11,0.6363636363636364,0.0016177128553923,0.018059595158501536,IWM n=18 WR=67% avg=+0.242% Δ=+0.110% | SPY n=11 WR=64% avg=+0.162% Δ=+0.044%
L3_rsi35,1d_above_sma9+1d_bb_mid,2,2,"DIA,QQQ",2/4,19.0,0.7628205128205128,0.0017557114146076,0.00014050847634375,12,0.6923076923076923,0.0012254774136195,0.018008742324179764,DIA n=26 WR=69% avg=+0.123% Δ=+0.000% | QQQ n=12 WR=83% avg=+0.229% Δ=+0.028%
L2_hvol,1h_bb_mid+1h_below_sma9,2,2,"DIA,SPY",2/4,12.0,0.8428571428571429,0.0019352084979706,0.0007542181562468,10,0.7857142857142857,0.0016616480855731,0.01798215946558267,DIA n=14 WR=79% avg=+0.221% Δ=+0.103% | SPY n=10 WR=90% avg=+0.166% Δ=+0.048%
L2_hvol,1h_below_sma9+1h_rsi_mid,2,2,"DIA,SPY",2/4,12.0,0.8428571428571429,0.0019352084979706,0.0007542181562468,10,0.7857142857142857,0.0016616480855731,0.01798215946558267,DIA n=14 WR=79% avg=+0.221% Δ=+0.103% | SPY n=10 WR=90% avg=+0.166% Δ=+0.048%
L3_rsi35,1h_bb_mid+30m_bb_mid,2,2,"DIA,QQQ",2/4,21.0,0.7152777777777778,0.0016312154384700499,1.6012500206252973e-05,18,0.7083333333333334,0.001257502414032,0.01784036731040222,DIA n=24 WR=71% avg=+0.126% Δ=+0.003% | QQQ n=18 WR=72% avg=+0.200% Δ=+0.000%
L3_rsi35,15m_bb_mid+1w_above_sma9,2,2,"QQQ,SPY",2/4,17.0,0.8428571428571429,0.0016748750140821,0.0001319011828501,14,0.7857142857142857,0.0011876094293033,0.017837026030532412,QQQ n=14 WR=79% avg=+0.216% Δ=+0.016% | SPY n=20 WR=90% avg=+0.119% Δ=+0.011%
L1_prior_up,1d_rsi_mid+1h_rsi_mid,2,2,"DIA,SPY",2/4,26.0,0.7594235033259424,0.0016254478117675498,0.000670485891848,11,0.6097560975609756,0.0010583366174583,0.017767202612446766,DIA n=41 WR=61% avg=+0.106% Δ=+0.017% | SPY n=11 WR=91% avg=+0.219% Δ=+0.117%
L3_rsi35,1d_above_sma9+1h_above_sma9,2,2,"QQQ,SPY",2/4,11.5,0.8712121212121213,0.0019113625008802,0.00036838866964814996,11,0.8333333333333334,0.00128337394707,0.017726513087785487,QQQ n=12 WR=83% avg=+0.254% Δ=+0.053% | SPY n=11 WR=91% avg=+0.128% Δ=+0.020%
L3_rsi35,1h_candle_up+30m_bb_mid,2,2,"QQQ,SPY",2/4,13.5,0.8571428571428572,0.00180788144580875,0.0002649076145767,13,0.7142857142857143,0.0014345917545631,0.017668763813168453,QQQ n=14 WR=71% avg=+0.218% Δ=+0.018% | SPY n=13 WR=100% avg=+0.143% Δ=+0.035%
L2_hvol,1h_candle_dn+1h_rsi_mid,2,2,"DIA,IWM",2/4,13.5,0.6823529411764706,0.0019930311617950497,0.00074103472532955,10,0.6,0.0018288034076488,0.01761056357710741,DIA n=17 WR=76% avg=+0.216% Δ=+0.097% | IWM n=10 WR=60% avg=+0.183% Δ=+0.051%
L2_hvol,15m_rsi_mid+1h_rsi_mid,2,2,"DIA,SPY",2/4,23.5,0.7911764705882353,0.00145210308543545,0.00027111274371167585,17,0.7,0.001203064567248,0.01760315210898781,DIA n=30 WR=70% avg=+0.120% Δ=+0.002% | SPY n=17 WR=88% avg=+0.170% Δ=+0.052%
L3_rsi35,1h_bb_mid+1h_candle_up,2,2,"QQQ,SPY",2/4,13.0,0.8571428571428572,0.00183049219136095,0.00028751836012885,12,0.7142857142857143,0.0014798132456675,0.017599357799144337,QQQ n=14 WR=71% avg=+0.218% Δ=+0.018% | SPY n=12 WR=100% avg=+0.148% Δ=+0.040%
L2_hvol,1h_rsi_mid+30m_rsi_mid,2,2,"DIA,SPY",2/4,25.0,0.7758913412563667,0.00139491103146165,0.0002139206897379,19,0.7096774193548387,0.0013676058592063,0.01757954160240377,DIA n=31 WR=71% avg=+0.142% Δ=+0.024% | SPY n=19 WR=84% avg=+0.137% Δ=+0.019%
L1_prior_up,1d_candle_up+1h_candle_dn,2,2,"DIA,QQQ",2/4,17.0,0.7575757575757576,0.001736895736359,0.0009028937214136001,12,0.6818181818181818,0.0016227925790935,0.01754489172537231,DIA n=22 WR=68% avg=+0.162% Δ=+0.073% | QQQ n=12 WR=83% avg=+0.185% Δ=+0.107%
L2_hvol,15m_candle_dn+1d_rsi_mid,2,2,"DIA,IWM",2/4,24.0,0.6833333333333333,0.0015715861242345,0.00031958968776901183,18,0.6666666666666666,0.0012098114825191,0.017521340028236077,DIA n=30 WR=70% avg=+0.121% Δ=+0.003% | IWM n=18 WR=67% avg=+0.193% Δ=+0.061%
L2_hvol,15m_candle_dn+1w_candle_dn,2,2,"DIA,IWM",2/4,24.0,0.6833333333333333,0.0015715861242345,0.00031958968776901183,18,0.6666666666666666,0.0012098114825191,0.017521340028236077,DIA n=30 WR=70% avg=+0.121% Δ=+0.003% | IWM n=18 WR=67% avg=+0.193% Δ=+0.061%
L2_hvol,1h_bb_mid+1h_rsi_mid,2,2,"DIA,SPY",2/4,26.0,0.7834101382488479,0.00134195335774165,0.00016096301601789775,21,0.7096774193548387,0.0012616905117663,0.017425626991438414,DIA n=31 WR=71% avg=+0.142% Δ=+0.024% | SPY n=21 WR=86% avg=+0.126% Δ=+0.008%
L2_hvol,1d_rsi_mid+1h_candle_dn,2,2,"DIA,IWM",2/4,16.0,0.6761133603238867,0.0018411687336255499,0.00058917229716005,13,0.6153846153846154,0.0017830969505553,0.017410178593581925,DIA n=19 WR=74% avg=+0.190% Δ=+0.072% | IWM n=13 WR=62% avg=+0.178% Δ=+0.046%
L2_hvol,1h_candle_dn+1w_bb_mid,2,2,"DIA,IWM",2/4,16.0,0.6761133603238867,0.0018411687336255499,0.00058917229716005,13,0.6153846153846154,0.0017830969505553,0.017410178593581925,DIA n=19 WR=74% avg=+0.190% Δ=+0.072% | IWM n=13 WR=62% avg=+0.178% Δ=+0.046%
L2_hvol,1h_candle_dn+1w_candle_dn,2,2,"DIA,IWM",2/4,16.0,0.6761133603238867,0.0018411687336255499,0.00058917229716005,13,0.6153846153846154,0.0017830969505553,0.017410178593581925,DIA n=19 WR=74% avg=+0.190% Δ=+0.072% | IWM n=13 WR=62% avg=+0.178% Δ=+0.046%
L2_hvol,1h_candle_dn+1w_rsi_hi,2,2,"DIA,IWM",2/4,16.0,0.6761133603238867,0.0018411687336255499,0.00058917229716005,13,0.6153846153846154,0.0017830969505553,0.017410178593581925,DIA n=19 WR=74% avg=+0.190% Δ=+0.072% | IWM n=13 WR=62% avg=+0.178% Δ=+0.046%
L2_hvol,1h_candle_dn+30m_bb_mid,2,2,"DIA,IWM",2/4,16.0,0.6761133603238867,0.0018411687336255499,0.00058917229716005,13,0.6153846153846154,0.0017830969505553,0.017410178593581925,DIA n=19 WR=74% avg=+0.190% Δ=+0.072% | IWM n=13 WR=62% avg=+0.178% Δ=+0.046%
L2_hvol,1h_rsi_mid+1w_rsi_hi,2,2,"DIA,SPY",2/4,23.5,0.7413419913419914,0.00150263483034305,0.0003216444886193,14,0.696969696969697,0.0013609045957519,0.017268222628720114,DIA n=33 WR=70% avg=+0.136% Δ=+0.018% | SPY n=14 WR=79% avg=+0.164% Δ=+0.047%
L2_hvol,1d_above_sma9+1h_candle_dn,2,2,"DIA,QQQ",2/4,14.5,0.7684210526315789,0.0017957491283559,0.000837845838281,10,0.7368421052631579,0.001692257740016,0.017196123438409608,DIA n=19 WR=74% avg=+0.190% Δ=+0.072% | QQQ n=10 WR=80% avg=+0.169% Δ=+0.096%
L2_hvol,1h_rsi_mid+1w_above_sma9,2,2,"DIA,SPY",2/4,25.5,0.7651515151515151,0.0013727391597798,0.00019174881805605,18,0.696969696969697,0.0013609045957519,0.017190003492566257,DIA n=33 WR=70% avg=+0.136% Δ=+0.018% | SPY n=18 WR=83% avg=+0.138% Δ=+0.021%
L3_rsi35,15m_bb_mid+1w_rsi_hi,2,2,"QQQ,SPY",2/4,14.0,0.8125,0.0018016844817722,0.0002587106505402,12,0.75,0.0013525547294923,0.01718536254165131,QQQ n=12 WR=75% avg=+0.225% Δ=+0.025% | SPY n=16 WR=88% avg=+0.135% Δ=+0.027%
L2_hvol,1h_bb_mid+30m_rsi_mid,2,2,"DIA,SPY",2/4,27.0,0.7684659090909092,0.0013093509563831,0.00012836061465934084,22,0.71875,0.0012378255175832,0.01717341718947754,DIA n=32 WR=72% avg=+0.138% Δ=+0.020% | SPY n=22 WR=82% avg=+0.124% Δ=+0.006%
L2_hvol,1w_above_sma9+30m_rsi_mid,2,2,"DIA,SPY",2/4,26.5,0.7636363636363637,0.00132974248953535,0.00014875214781155,20,0.7272727272727273,0.0012940837474071,0.017149790749032254,DIA n=33 WR=73% avg=+0.137% Δ=+0.018% | SPY n=20 WR=80% avg=+0.129% Δ=+0.012%
L1_prior_up,1h_below_sma9+1w_bb_mid,2,2,"DIA,SPY",2/4,13.0,0.8545454545454546,0.00174059124072035,0.0007856293208008,11,0.8,0.0013905973823316,0.017024695395435954,DIA n=15 WR=80% avg=+0.209% Δ=+0.120% | SPY n=11 WR=91% avg=+0.139% Δ=+0.037%
L2_hvol,15m_bb_mid+30m_candle_up,2,2,"IWM,SPY",2/4,18.0,0.6625,0.00175017121750025,0.0005006460231918,16,0.625,0.0014630441673586,0.01701936111390473,IWM n=16 WR=62% avg=+0.204% Δ=+0.072% | SPY n=20 WR=70% avg=+0.146% Δ=+0.028%
L3_rsi35,1d_above_sma9+30m_bb_mid,2,2,"DIA,QQQ",2/4,19.5,0.7307692307692308,0.0016579758792029998,4.277294093919196e-05,13,0.6923076923076923,0.0012254774136195,0.017017001582173265,DIA n=26 WR=69% avg=+0.123% Δ=+0.000% | QQQ n=13 WR=77% avg=+0.209% Δ=+0.009%
L3_rsi35,1d_above_sma9+1h_bb_mid,2,2,"DIA,QQQ",2/4,18.5,0.7387820512820513,0.00167398837940925,5.8785441145444936e-05,13,0.7083333333333334,0.001257502414032,0.01701050042271905,DIA n=24 WR=71% avg=+0.126% Δ=+0.003% | QQQ n=13 WR=77% avg=+0.209% Δ=+0.009%
raw_bb_dn,1w_above_sma9+30m_rsi_mid,2,2,"QQQ,SPY",2/4,70.0,0.6076923076923078,0.0009259673682023,0.00023932111598104998,65,0.6,0.0006466466730529,0.016998711823000785,QQQ n=65 WR=62% avg=+0.121% Δ=+0.036% | SPY n=75 WR=60% avg=+0.065% Δ=+0.011%
L2_hvol,1d_bb_mid+30m_bb_mid,2,2,"DIA,IWM",2/4,34.0,0.6564986737400531,0.0012593611996374,7.364763171934224e-06,29,0.6206896551724138,0.0011981911102247,0.016891218452486558,DIA n=39 WR=69% avg=+0.120% Δ=+0.001% | IWM n=29 WR=62% avg=+0.132% Δ=+0.000%
L2_hvol,1w_candle_dn+30m_bb_mid,2,2,"DIA,IWM",2/4,34.0,0.6564986737400531,0.0012593611996374,7.364763171934224e-06,29,0.6206896551724138,0.0011981911102247,0.016891218452486558,DIA n=39 WR=69% avg=+0.120% Δ=+0.001% | IWM n=29 WR=62% avg=+0.132% Δ=+0.000%
L2_hvol,1w_rsi_hi+30m_rsi_mid,2,2,"DIA,SPY",2/4,24.0,0.7303030303030302,0.0014414673921581,0.0002604770504343,15,0.7272727272727273,0.0013654012316636,0.01687504810811028,DIA n=33 WR=73% avg=+0.137% Δ=+0.018% | SPY n=15 WR=73% avg=+0.152% Δ=+0.034%
L1_prior_up,1h_below_sma9+30m_bb_mid,2,2,"DIA,SPY",2/4,12.0,0.8428571428571429,0.0018009828436678001,0.0008460209237483,10,0.7857142857142857,0.0013794054632132,0.016798964015920605,DIA n=14 WR=79% avg=+0.222% Δ=+0.133% | SPY n=10 WR=90% avg=+0.138% Δ=+0.036%
L2_hvol,1d_bb_mid+1w_bb_mid,2,2,"DIA,IWM",2/4,34.0,0.6564986737400531,0.0012519964364655,0.0,29,0.6206896551724138,0.0011834615838809,0.01678154300100325,DIA n=39 WR=69% avg=+0.118% Δ=+0.000% | IWM n=29 WR=62% avg=+0.132% Δ=+0.000%
L2_hvol,1d_bb_mid+1w_candle_dn,2,2,"DIA,IWM",2/4,34.0,0.6564986737400531,0.0012519964364655,0.0,29,0.6206896551724138,0.0011834615838809,0.01678154300100325,DIA n=39 WR=69% avg=+0.118% Δ=+0.000% | IWM n=29 WR=62% avg=+0.132% Δ=+0.000%
L2_hvol,1d_bb_mid+1w_rsi_hi,2,2,"DIA,IWM",2/4,34.0,0.6564986737400531,0.0012519964364655,0.0,29,0.6206896551724138,0.0011834615838809,0.01678154300100325,DIA n=39 WR=69% avg=+0.118% Δ=+0.000% | IWM n=29 WR=62% avg=+0.132% Δ=+0.000%
L2_hvol,1d_rsi_mid+1w_candle_dn,2,2,"DIA,IWM",2/4,34.0,0.6564986737400531,0.0012519964364655,0.0,29,0.6206896551724138,0.0011834615838809,0.01678154300100325,DIA n=39 WR=69% avg=+0.118% Δ=+0.000% | IWM n=29 WR=62% avg=+0.132% Δ=+0.000%
L2_hvol,1d_rsi_mid+1w_rsi_hi,2,2,"DIA,IWM",2/4,34.0,0.6564986737400531,0.0012519964364655,0.0,29,0.6206896551724138,0.0011834615838809,0.01678154300100325,DIA n=39 WR=69% avg=+0.118% Δ=+0.000% | IWM n=29 WR=62% avg=+0.132% Δ=+0.000%
L2_hvol,1w_above_sma9+1w_bb_mid,2,2,"DIA,IWM",2/4,34.0,0.6564986737400531,0.0012519964364655,0.0,29,0.6206896551724138,0.0011834615838809,0.01678154300100325,DIA n=39 WR=69% avg=+0.118% Δ=+0.000% | IWM n=29 WR=62% avg=+0.132% Δ=+0.000%
L2_hvol,1w_above_sma9+1w_candle_dn,2,2,"DIA,IWM",2/4,34.0,0.6564986737400531,0.0012519964364655,0.0,29,0.6206896551724138,0.0011834615838809,0.01678154300100325,DIA n=39 WR=69% avg=+0.118% Δ=+0.000% | IWM n=29 WR=62% avg=+0.132% Δ=+0.000%
L2_hvol,1w_bb_mid+1w_candle_dn,2,2,"DIA,IWM",2/4,34.0,0.6564986737400531,0.0012519964364655,0.0,29,0.6206896551724138,0.0011834615838809,0.01678154300100325,DIA n=39 WR=69% avg=+0.118% Δ=+0.000% | IWM n=29 WR=62% avg=+0.132% Δ=+0.000%
L2_hvol,1w_bb_mid+1w_rsi_hi,2,2,"DIA,IWM",2/4,34.0,0.6564986737400531,0.0012519964364655,0.0,29,0.6206896551724138,0.0011834615838809,0.01678154300100325,DIA n=39 WR=69% avg=+0.118% Δ=+0.000% | IWM n=29 WR=62% avg=+0.132% Δ=+0.000%
L2_hvol,1w_candle_dn+1w_rsi_hi,2,2,"DIA,IWM",2/4,34.0,0.6564986737400531,0.0012519964364655,0.0,29,0.6206896551724138,0.0011834615838809,0.01678154300100325,DIA n=39 WR=69% avg=+0.118% Δ=+0.000% | IWM n=29 WR=62% avg=+0.132% Δ=+0.000%
L2_hvol,1h_bb_mid+1w_bb_mid,2,2,"DIA,IWM",2/4,32.0,0.6532019704433498,0.0012808018639459502,2.880542748047129e-05,29,0.6206896551724138,0.0012410724388418,0.01667538690208152,DIA n=35 WR=69% avg=+0.124% Δ=+0.006% | IWM n=29 WR=62% avg=+0.132% Δ=+0.000%
L2_hvol,1h_bb_mid+1w_candle_dn,2,2,"DIA,IWM",2/4,32.0,0.6532019704433498,0.0012808018639459502,2.880542748047129e-05,29,0.6206896551724138,0.0012410724388418,0.01667538690208152,DIA n=35 WR=69% avg=+0.124% Δ=+0.006% | IWM n=29 WR=62% avg=+0.132% Δ=+0.000%
L1_prior_up,15m_bb_mid+1h_below_sma9,2,2,"DIA,SPY",2/4,12.5,0.8474025974025974,0.0017543982091156,0.000799436289196,11,0.7857142857142857,0.0016376815753344,0.01665495997354488,DIA n=14 WR=79% avg=+0.187% Δ=+0.098% | SPY n=11 WR=91% avg=+0.164% Δ=+0.062%
L2_hvol,15m_below_sma9+30m_candle_dn,2,2,"DIA,QQQ",2/4,14.5,0.7214285714285715,0.00178710658199795,0.00082920329192305,14,0.6428571428571429,0.0017676927797103,0.01662512420924629,DIA n=15 WR=80% avg=+0.177% Δ=+0.058% | QQQ n=14 WR=64% avg=+0.181% Δ=+0.107%
raw_bb_dn,1d_candle_dn+1w_rsi_hi,2,2,"QQQ,SPY",2/4,37.5,0.6142857142857143,0.00121380204910985,0.00052715579688855,35,0.6,0.0009654530507401,0.016618259058351993,QQQ n=40 WR=60% avg=+0.146% Δ=+0.062% | SPY n=35 WR=63% avg=+0.097% Δ=+0.043%
raw_bb_dn,15m_vwap_dn+1h_below_sma9,2,2,"IWM,QQQ",2/4,23.0,0.6086956521739131,0.0015562137076396,0.00080376848676495,23,0.6086956521739131,0.001519738090769,0.016549142459199008,IWM n=23 WR=61% avg=+0.152% Δ=+0.086% | QQQ n=23 WR=61% avg=+0.159% Δ=+0.075%
L3_rsi35,1w_rsi_hi+30m_candle_dn,2,2,"DIA,SPY",2/4,13.5,0.9,0.0016238769311953,0.00047062862460755,12,0.8,0.0012075851601692,0.01654679778494197,DIA n=15 WR=80% avg=+0.204% Δ=+0.081% | SPY n=12 WR=100% avg=+0.121% Δ=+0.013%
L2_hvol,15m_below_sma9+1h_bb_mid,2,2,"DIA,QQQ",2/4,22.5,0.6845238095238095,0.00146569517431155,0.00050779188423665,21,0.6190476190476191,0.0014078937888124,0.01643422730555686,DIA n=24 WR=75% avg=+0.141% Δ=+0.022% | QQQ n=21 WR=62% avg=+0.152% Δ=+0.079%
L1_prior_up,1d_bb_mid+1h_candle_dn,2,2,"DIA,QQQ",2/4,17.0,0.7575757575757576,0.00161019291681165,0.00077619090186625,12,0.6818181818181818,0.0015975932545298,0.016374461213808356,DIA n=22 WR=68% avg=+0.162% Δ=+0.073% | QQQ n=12 WR=83% avg=+0.160% Δ=+0.082%
L2_hvol,15m_bb_mid+30m_rsi_mid,2,2,"DIA,SPY",2/4,26.5,0.7641369047619048,0.00126124947721485,8.025913549112066e-05,21,0.71875,0.001246720998713,0.01625119078868422,DIA n=32 WR=72% avg=+0.125% Δ=+0.006% | SPY n=21 WR=81% avg=+0.128% Δ=+0.010%
L2_hvol,15m_rsi_mid+1h_bb_mid,2,2,"DIA,SPY",2/4,28.5,0.7202233250620347,0.0012479993522748001,6.70090105510399e-05,26,0.7096774193548387,0.0012285841979278,0.016246534603921926,DIA n=31 WR=71% avg=+0.127% Δ=+0.008% | SPY n=26 WR=73% avg=+0.123% Δ=+0.005%
L2_hvol,15m_candle_dn+15m_rsi_mid,2,2,"IWM,SPY",2/4,16.0,0.6875,0.0017097976313013002,0.0004602724369929,16,0.6875,0.0015220768047959,0.01624307749736235,IWM n=16 WR=69% avg=+0.190% Δ=+0.058% | SPY n=16 WR=69% avg=+0.152% Δ=+0.034%
L1_prior_up,15m_rsi_mid+1h_rsi_mid,2,2,"DIA,SPY",2/4,28.0,0.7581792318634424,0.0012750308760329,0.0003200689561133884,19,0.6216216216216216,0.0009821946583716,0.016232954565331463,DIA n=37 WR=62% avg=+0.098% Δ=+0.009% | SPY n=19 WR=89% avg=+0.157% Δ=+0.055%
L3_rsi35,1d_bb_mid+30m_above_sma9,2,2,"QQQ,SPY",2/4,10.0,0.8500000000000001,0.0019263323975503,0.0003833585663183,10,0.8,0.001188538136997,0.016214003317651333,QQQ n=10 WR=80% avg=+0.266% Δ=+0.066% | SPY n=10 WR=90% avg=+0.119% Δ=+0.011%
L2_hvol,15m_bb_mid+1h_rsi_mid,2,2,"DIA,SPY",2/4,26.0,0.76875,0.0012724088322224,9.141849049864181e-05,20,0.6875,0.0012420838429291,0.016208819857347824,DIA n=32 WR=69% avg=+0.124% Δ=+0.006% | SPY n=20 WR=85% avg=+0.130% Δ=+0.012%
L1_prior_up,1h_bb_mid+1h_rsi_mid,2,2,"DIA,SPY",2/4,31.5,0.7557894736842106,0.0011674824923917498,0.0002125205724722,25,0.631578947368421,0.0011667886225667,0.016199375565310842,DIA n=38 WR=63% avg=+0.117% Δ=+0.028% | SPY n=25 WR=88% avg=+0.117% Δ=+0.015%
L3_rsi35,15m_below_sma9+15m_candle_dn,2,2,"DIA,SPY",2/4,16.0,0.8235294117647058,0.0015150930462068499,0.0003618447396191828,15,0.6470588235294118,0.0013193893405051,0.016178809901462376,DIA n=17 WR=65% avg=+0.132% Δ=+0.009% | SPY n=15 WR=100% avg=+0.171% Δ=+0.063%
raw_bb_dn,1w_above_sma9+30m_vwap_dn,2,2,"IWM,QQQ",2/4,22.0,0.6138716356107661,0.0015504677677152501,0.00079802254684065,21,0.6086956521739131,0.001357529837128,0.016158540095881392,IWM n=23 WR=61% avg=+0.136% Δ=+0.069% | QQQ n=21 WR=62% avg=+0.174% Δ=+0.090%
raw_bb_dn,1w_rsi_hi+30m_vwap_dn,2,2,"IWM,QQQ",2/4,22.0,0.6138716356107661,0.0015504677677152501,0.00079802254684065,21,0.6086956521739131,0.001357529837128,0.016158540095881392,IWM n=23 WR=61% avg=+0.136% Δ=+0.069% | QQQ n=21 WR=62% avg=+0.174% Δ=+0.090%
L2_hvol,15m_below_sma9+1w_rsi_hi,2,2,"DIA,QQQ",2/4,21.0,0.6778846153846154,0.0015601834259686,0.0006022801358937015,16,0.625,0.0011911892145366,0.01615686496744533,DIA n=26 WR=73% avg=+0.119% Δ=+0.001% | QQQ n=16 WR=62% avg=+0.193% Δ=+0.120%
L1_prior_up,15m_below_sma9+1w_above_sma9,2,2,"DIA,QQQ",2/4,28.0,0.6442687747035574,0.00136669267243445,0.0005326906574891524,23,0.6363636363636364,0.0009594818620029,0.016065351056180857,DIA n=33 WR=64% avg=+0.096% Δ=+0.007% | QQQ n=23 WR=65% avg=+0.177% Δ=+0.100%
L1_prior_up,15m_rsi_mid+30m_rsi_mid,2,2,"DIA,SPY",2/4,31.0,0.7247807017543859,0.0011993344232337,0.00024437250331415,24,0.6578947368421053,0.0010789333695266,0.016052234759487,DIA n=38 WR=66% avg=+0.108% Δ=+0.019% | SPY n=24 WR=79% avg=+0.132% Δ=+0.030%
L3_rsi35,15m_candle_dn+1d_bb_mid,2,2,"DIA,SPY",2/4,18.5,0.8020833333333333,0.00143832139943365,0.00028507309284596936,16,0.6666666666666666,0.0013075012231188,0.016012907941107993,DIA n=21 WR=67% avg=+0.131% Δ=+0.008% | SPY n=16 WR=94% avg=+0.157% Δ=+0.049%
L3_rsi35,15m_candle_dn+1w_above_sma9,2,2,"DIA,SPY",2/4,18.5,0.8020833333333333,0.00143832139943365,0.00028507309284596936,16,0.6666666666666666,0.0013075012231188,0.016012907941107993,DIA n=21 WR=67% avg=+0.131% Δ=+0.008% | SPY n=16 WR=94% avg=+0.157% Δ=+0.049%
L2_hvol,1d_bb_mid+30m_candle_dn,2,2,"DIA,QQQ",2/4,20.5,0.7309523809523809,0.001417506129513,0.00045960283943809996,20,0.7,0.0009446112247612,0.01600107790912677,DIA n=21 WR=76% avg=+0.189% Δ=+0.071% | QQQ n=20 WR=70% avg=+0.094% Δ=+0.021%
L2_hvol,15m_rsi_mid+30m_candle_up,2,2,"IWM,SPY",2/4,14.0,0.6846153846153846,0.0018054914246099498,0.0005559662303015499,13,0.6,0.0017836137720187,0.015961243460624306,IWM n=15 WR=60% avg=+0.178% Δ=+0.046% | SPY n=13 WR=77% avg=+0.183% Δ=+0.065%
L2_hvol,1w_above_sma9+30m_candle_dn,2,2,"DIA,QQQ",2/4,19.0,0.7044817927170868,0.0014757448018147,0.0005178415117398,17,0.6470588235294118,0.0010610885693646,0.015950121821126026,DIA n=21 WR=76% avg=+0.189% Δ=+0.071% | QQQ n=17 WR=65% avg=+0.106% Δ=+0.033%
L1_prior_up,1d_above_sma9+1h_candle_dn,2,2,"DIA,QQQ",2/4,16.5,0.75,0.0016061354676147502,0.0007721334526693999,11,0.6818181818181818,0.001589478356136,0.015944557516211245,DIA n=22 WR=68% avg=+0.162% Δ=+0.073% | QQQ n=11 WR=82% avg=+0.159% Δ=+0.081%
L1_prior_up,1d_rsi_mid+1h_bb_mid,2,2,"DIA,SPY",2/4,30.5,0.6861111111111111,0.0013493369090701,0.00039437498915057944,16,0.6222222222222222,0.0009682299960212,0.015941147010086105,DIA n=45 WR=62% avg=+0.097% Δ=+0.008% | SPY n=16 WR=75% avg=+0.173% Δ=+0.071%
L1_prior_up,15m_below_sma9+1h_bb_mid,2,2,"DIA,QQQ",2/4,29.5,0.6261520737327189,0.00130296225528335,0.000468960240338,28,0.6071428571428571,0.0011123042838595,0.015842337431994563,DIA n=31 WR=65% avg=+0.111% Δ=+0.022% | QQQ n=28 WR=61% avg=+0.149% Δ=+0.072%
raw_bb_dn,1w_rsi_hi+30m_rsi_mid,2,2,"QQQ,SPY",2/4,50.5,0.6233254531126872,0.000983685743907,0.00029703949168575,47,0.6170212765957447,0.0008176846185719,0.015805363441686385,QQQ n=54 WR=63% avg=+0.115% Δ=+0.031% | SPY n=47 WR=62% avg=+0.082% Δ=+0.029%
L2_hvol,15m_below_sma9+1w_above_sma9,2,2,"DIA,QQQ",2/4,22.0,0.670940170940171,0.00147864108530245,0.0005207377952275515,18,0.6111111111111112,0.0011911892145366,0.015801007635420562,DIA n=26 WR=73% avg=+0.119% Δ=+0.001% | QQQ n=18 WR=61% avg=+0.177% Δ=+0.103%
L1_prior_up,1d_rsi_mid+30m_bb_mid,2,2,"DIA,SPY",2/4,33.0,0.685,0.0013161714317987,0.00036120951187920865,16,0.62,0.0009018990414784,0.01579489510615527,DIA n=50 WR=62% avg=+0.090% Δ=+0.001% | SPY n=16 WR=75% avg=+0.173% Δ=+0.071%
L2_hvol,1d_candle_dn+1w_bb_mid,2,2,"IWM,SPY",2/4,23.0,0.7221095334685599,0.0013757597743548002,0.0001262345800464,17,0.6206896551724138,0.0013205312890501,0.015778513109003786,IWM n=29 WR=62% avg=+0.132% Δ=+0.000% | SPY n=17 WR=82% avg=+0.143% Δ=+0.025%
L2_hvol,1d_candle_dn+30m_bb_mid,2,2,"IWM,SPY",2/4,23.0,0.7221095334685599,0.0013757597743548002,0.0001262345800464,17,0.6206896551724138,0.0013205312890501,0.015778513109003786,IWM n=29 WR=62% avg=+0.132% Δ=+0.000% | SPY n=17 WR=82% avg=+0.143% Δ=+0.025%
L1_prior_up,1h_bb_mid+30m_bb_mid,2,2,"DIA,SPY",2/4,42.5,0.6736111111111112,0.00103178932313115,7.682740321164285e-05,40,0.6222222222222222,0.0009809955855192,0.015772427635903707,DIA n=45 WR=62% avg=+0.098% Δ=+0.009% | SPY n=40 WR=72% avg=+0.108% Δ=+0.006%
L1_prior_up,1h_rsi_mid+1w_rsi_hi,2,2,"DIA,SPY",2/4,28.0,0.7048780487804878,0.00134662255814895,0.0003916606382294,15,0.6097560975609756,0.0010583366174583,0.015752006100780463,DIA n=41 WR=61% avg=+0.106% Δ=+0.017% | SPY n=15 WR=80% avg=+0.163% Δ=+0.062%
L1_prior_up,15m_below_sma9+1d_above_sma9,2,2,"DIA,QQQ",2/4,26.5,0.6431818181818182,0.0014013997928082,0.0005673977778629023,20,0.6363636363636364,0.0009594818620029,0.015743515843604138,DIA n=33 WR=64% avg=+0.096% Δ=+0.007% | QQQ n=20 WR=65% avg=+0.184% Δ=+0.107%
L3_rsi35,15m_candle_dn+1w_rsi_hi,2,2,"DIA,SPY",2/4,17.0,0.7948717948717949,0.0015065029238169,0.00035325461722921934,13,0.6666666666666666,0.0013075012231188,0.015741248566958053,DIA n=21 WR=67% avg=+0.131% Δ=+0.008% | SPY n=13 WR=92% avg=+0.171% Δ=+0.062%
L1_prior_up,1d_rsi_mid+1w_above_sma9,2,2,"DIA,SPY",2/4,31.0,0.6433333333333333,0.0015192718062625502,0.000564309886343,12,0.62,0.0008904100109302,0.015733266107722153,DIA n=50 WR=62% avg=+0.089% Δ=+0.000% | SPY n=12 WR=67% avg=+0.215% Δ=+0.113%
L1_prior_up,1d_rsi_mid+1w_bb_mid,2,2,"DIA,SPY",2/4,33.0,0.685,0.0013104269165246,0.0003554649966051,16,0.62,0.0008904100109302,0.01570390662636448,DIA n=50 WR=62% avg=+0.089% Δ=+0.000% | SPY n=16 WR=75% avg=+0.173% Δ=+0.071%
L2_hvol,1d_candle_dn+1w_above_sma9,2,2,"IWM,SPY",2/4,22.0,0.710344827586207,0.0014261427770425,0.0001766175827341,15,0.6206896551724138,0.0013205312890501,0.01568173277619099,IWM n=29 WR=62% avg=+0.132% Δ=+0.000% | SPY n=15 WR=80% avg=+0.153% Δ=+0.035%
L2_hvol,1d_candle_dn+1h_bb_mid,2,2,"IWM,SPY",2/4,22.5,0.7165948275862069,0.0013926052243032,0.0001430800299948,16,0.6206896551724138,0.0013205312890501,0.015659101977210512,IWM n=29 WR=62% avg=+0.132% Δ=+0.000% | SPY n=16 WR=81% avg=+0.146% Δ=+0.029%
L1_prior_up,1h_bb_mid+1h_candle_dn,2,2,"DIA,QQQ",2/4,17.5,0.7255244755244755,0.00153893246452495,0.0007049304495796,13,0.6818181818181818,0.0014550723499564,0.015654307623194315,DIA n=22 WR=68% avg=+0.162% Δ=+0.073% | QQQ n=13 WR=77% avg=+0.146% Δ=+0.068%
L1_prior_up,1h_rsi_mid+1w_above_sma9,2,2,"DIA,SPY",2/4,31.0,0.7334494773519163,0.0011790471449352,0.00022408522501565,21,0.6097560975609756,0.0010583366174583,0.015603906442744762,DIA n=41 WR=61% avg=+0.106% Δ=+0.017% | SPY n=21 WR=86% avg=+0.130% Δ=+0.028%
L2_hvol,1d_candle_up+1w_above_sma9,2,2,"DIA,QQQ",2/4,27.0,0.7128205128205127,0.0012957907479283,0.0003378874578534,15,0.6923076923076923,0.0011834615838809,0.015538144072668741,DIA n=39 WR=69% avg=+0.118% Δ=+0.000% | QQQ n=15 WR=73% avg=+0.141% Δ=+0.068%
L2_hvol,1d_above_sma9+1d_candle_up,2,2,"DIA,QQQ",2/4,27.0,0.7128205128205127,0.00129117694565925,0.00033327365558435,15,0.6923076923076923,0.0011834615838809,0.01549406676360362,DIA n=39 WR=69% avg=+0.118% Δ=+0.000% | QQQ n=15 WR=73% avg=+0.140% Δ=+0.067%
L1_prior_up,1h_rsi_mid+30m_rsi_mid,2,2,"DIA,SPY",2/4,30.0,0.7362637362637363,0.00117413122793945,0.00021916930801990002,21,0.6153846153846154,0.0010694729871398,0.015402554059258373,DIA n=39 WR=62% avg=+0.107% Δ=+0.018% | SPY n=21 WR=86% avg=+0.128% Δ=+0.026%
L1_prior_up,1d_above_sma9+1d_candle_up,2,2,"DIA,QQQ",2/4,35.5,0.6671428571428571,0.0011948252968902,0.00036082328194485,21,0.62,0.0008904100109302,0.015394295997886113,DIA n=50 WR=62% avg=+0.089% Δ=+0.000% | QQQ n=21 WR=71% avg=+0.150% Δ=+0.072%
L3_rsi35,15m_candle_dn+1w_bb_mid,2,2,"DIA,SPY",2/4,18.0,0.7999999999999999,0.00141021957839425,0.0002569712718065194,15,0.6666666666666666,0.0013075012231188,0.01538908011724655,DIA n=21 WR=67% avg=+0.131% Δ=+0.008% | SPY n=15 WR=93% avg=+0.151% Δ=+0.043%
L1_prior_up,1h_bb_mid+1w_bb_mid,2,2,"DIA,SPY",2/4,44.0,0.6599483204134367,0.0009956923410454,4.073042112590021e-05,43,0.6222222222222222,0.0009682299960212,0.01532445368250913,DIA n=45 WR=62% avg=+0.097% Δ=+0.008% | SPY n=43 WR=70% avg=+0.102% Δ=+0.000%
L2_hvol,1d_candle_up+1h_bb_mid,2,2,"DIA,QQQ",2/4,26.0,0.6957983193277311,0.001283301797443,0.0003253985073681213,17,0.6857142857142857,0.0012410724388418,0.015296365324986003,DIA n=35 WR=69% avg=+0.124% Δ=+0.006% | QQQ n=17 WR=71% avg=+0.133% Δ=+0.059%
L2_hvol,15m_below_sma9+1d_above_sma9,2,2,"DIA,QQQ",2/4,20.0,0.6868131868131868,0.0015086199100036,0.0005507166199287016,14,0.6428571428571429,0.0011911892145366,0.01528408644095074,DIA n=26 WR=73% avg=+0.119% Δ=+0.001% | QQQ n=14 WR=64% avg=+0.183% Δ=+0.109%
L2_hvol,1w_rsi_hi+30m_candle_dn,2,2,"DIA,QQQ",2/4,18.0,0.680952380952381,0.00145291663364575,0.00049501334357085,15,0.6,0.0010154322330267,0.015257789463511948,DIA n=21 WR=76% avg=+0.189% Δ=+0.071% | QQQ n=15 WR=60% avg=+0.102% Δ=+0.028%
L1_prior_up,1h_bb_mid+30m_rsi_mid,2,2,"DIA,SPY",2/4,33.0,0.7094017094017094,0.00110724720708305,0.00015228528716355544,27,0.6410256410256411,0.0010750762093414,0.015257154239916745,DIA n=39 WR=64% avg=+0.114% Δ=+0.025% | SPY n=27 WR=78% avg=+0.108% Δ=+0.006%
L2_hvol,1d_bb_mid+1d_candle_up,2,2,"DIA,QQQ",2/4,28.0,0.6990950226244343,0.00123325967647965,0.00027535638640475,17,0.6923076923076923,0.0011834615838809,0.015191344580076946,DIA n=39 WR=69% avg=+0.118% Δ=+0.000% | QQQ n=17 WR=71% avg=+0.128% Δ=+0.055%
L1_prior_up,1d_candle_up+30m_candle_dn,2,2,"DIA,QQQ",2/4,22.5,0.6797235023041475,0.0014169287951761,0.00058292678023075,14,0.6451612903225806,0.0012541794011283,0.01517380791926412,DIA n=31 WR=65% avg=+0.125% Δ=+0.036% | QQQ n=14 WR=71% avg=+0.158% Δ=+0.080%
L1_prior_up,1d_candle_up+1h_bb_mid,2,2,"DIA,QQQ",2/4,33.5,0.6520202020202019,0.00119490748003905,0.00036090546509372944,22,0.6222222222222222,0.0009682299960212,0.015169084149620798,DIA n=45 WR=62% avg=+0.097% Δ=+0.008% | QQQ n=22 WR=68% avg=+0.142% Δ=+0.064%
L1_prior_up,1d_bb_mid+1d_candle_up,2,2,"DIA,QQQ",2/4,36.5,0.6578260869565218,0.0011476539120438,0.0003136518970985,23,0.62,0.0008904100109302,0.01510757723458546,DIA n=50 WR=62% avg=+0.089% Δ=+0.000% | QQQ n=23 WR=70% avg=+0.140% Δ=+0.063%
L2_hvol,1h_bb_mid+30m_candle_dn,2,2,"DIA,QQQ",2/4,19.5,0.7184210526315788,0.00139866584261575,0.00044076255254085,19,0.7,0.0009911027892662,0.0150566829038665,DIA n=19 WR=74% avg=+0.181% Δ=+0.062% | QQQ n=20 WR=70% avg=+0.099% Δ=+0.026%
L1_prior_up,15m_bb_mid+1h_bb_mid,2,2,"QQQ,SPY",2/4,42.0,0.6522727272727273,0.0009999773967144501,0.00010142347277979171,40,0.6,0.0009038473648294,0.015046029777870378,QQQ n=40 WR=60% avg=+0.090% Δ=+0.013% | SPY n=44 WR=70% avg=+0.110% Δ=+0.008%
L3_rsi35,30m_above_sma9+30m_bb_mid,2,2,"QQQ,SPY",2/4,10.5,0.8136363636363637,0.00179363670832175,0.00025066287708975,10,0.7272727272727273,0.001188538136997,0.01502570228104377,QQQ n=11 WR=73% avg=+0.240% Δ=+0.039% | SPY n=10 WR=90% avg=+0.119% Δ=+0.011%
L3_rsi35,1h_rsi_mid+30m_rsi_mid,2,2,"DIA,SPY",2/4,16.0,0.8299595141700405,0.00141729080909445,0.0002640425025067,13,0.7368421052631579,0.0012777655219212,0.01494940078791938,DIA n=19 WR=74% avg=+0.156% Δ=+0.033% | SPY n=13 WR=92% avg=+0.128% Δ=+0.020%
L1_prior_up,1h_candle_dn+1w_above_sma9,2,2,"DIA,QQQ",2/4,17.0,0.7159090909090908,0.0014978214358656,0.0006638194209202,12,0.6818181818181818,0.0013728502926377,0.014940110194427616,DIA n=22 WR=68% avg=+0.162% Δ=+0.073% | QQQ n=12 WR=75% avg=+0.137% Δ=+0.060%
L3_rsi35,1w_above_sma9+30m_rsi_mid,2,2,"DIA,SPY",2/4,17.0,0.8392857142857143,0.0013633753451939498,0.00021012703860624998,14,0.75,0.0012428082824021,0.014938579947654084,DIA n=20 WR=75% avg=+0.148% Δ=+0.026% | SPY n=14 WR=93% avg=+0.124% Δ=+0.016%
L3_rsi35,1w_rsi_hi+30m_rsi_mid,2,2,"DIA,SPY",2/4,15.5,0.8295454545454546,0.00145114955848635,0.0002979012518986,11,0.75,0.0014183567089869,0.014924075142849186,DIA n=20 WR=75% avg=+0.148% Δ=+0.026% | SPY n=11 WR=91% avg=+0.142% Δ=+0.034%
L3_rsi35,1d_bb_mid+30m_rsi_mid,2,2,"DIA,SPY",2/4,17.5,0.8416666666666666,0.0013330852181381498,0.00017983691155044998,15,0.75,0.0011822280282905,0.014858364480527962,DIA n=20 WR=75% avg=+0.148% Δ=+0.026% | SPY n=15 WR=93% avg=+0.118% Δ=+0.010%
L3_rsi35,1h_bb_mid+30m_rsi_mid,2,2,"DIA,SPY",2/4,17.5,0.8416666666666666,0.0013330852181381498,0.00017983691155044998,15,0.75,0.0011822280282905,0.014858364480527962,DIA n=20 WR=75% avg=+0.148% Δ=+0.026% | SPY n=15 WR=93% avg=+0.118% Δ=+0.010%
L3_rsi35,30m_bb_mid+30m_rsi_mid,2,2,"DIA,SPY",2/4,17.5,0.8416666666666666,0.0013330852181381498,0.00017983691155044998,15,0.75,0.0011822280282905,0.014858364480527962,DIA n=20 WR=75% avg=+0.148% Δ=+0.026% | SPY n=15 WR=93% avg=+0.118% Δ=+0.010%
L3_rsi35,15m_candle_dn+1d_above_sma9,2,2,"DIA,SPY",2/4,17.5,0.7976190476190477,0.0013872335362918,0.00023398522970411936,14,0.6666666666666666,0.0013075012231188,0.01483160617597566,DIA n=21 WR=67% avg=+0.131% Δ=+0.008% | SPY n=14 WR=93% avg=+0.147% Δ=+0.039%
L2_hvol,1d_candle_up+1w_rsi_hi,2,2,"DIA,QQQ",2/4,25.0,0.7097902097902098,0.00132520445915515,0.00036730116908025,11,0.6923076923076923,0.0011834615838809,0.014783073665049074,DIA n=39 WR=69% avg=+0.118% Δ=+0.000% | QQQ n=11 WR=73% avg=+0.147% Δ=+0.073%
L1_prior_up,15m_bb_mid+1h_rsi_mid,2,2,"DIA,SPY",2/4,32.0,0.7375,0.00107709925659305,0.00012213733667355023,24,0.6,0.0009557158157427,0.014722020756203515,DIA n=40 WR=60% avg=+0.096% Δ=+0.007% | SPY n=24 WR=88% avg=+0.120% Δ=+0.018%
L3_rsi35,15m_bb_mid+30m_above_sma9,2,2,"QQQ,SPY",2/4,10.5,0.8136363636363637,0.00175521863345095,0.00021224480221889997,10,0.7272727272727273,0.001188538136997,0.014712948174963398,QQQ n=11 WR=73% avg=+0.232% Δ=+0.032% | SPY n=10 WR=90% avg=+0.119% Δ=+0.011%
L1_prior_up,1h_rsi_mid+30m_bb_mid,2,2,"DIA,SPY",2/4,32.0,0.73966065747614,0.0010697203812935,0.00011475846137397452,23,0.6097560975609756,0.001067093132265,0.014628887063712013,DIA n=41 WR=61% avg=+0.107% Δ=+0.018% | SPY n=23 WR=87% avg=+0.107% Δ=+0.005%
L3_rsi35,1w_above_sma9+30m_above_sma9,2,2,"QQQ,SPY",2/4,10.0,0.8,0.00182408009555745,0.0002811062643254,10,0.7,0.001188538136997,0.014595492087470656,QQQ n=10 WR=70% avg=+0.246% Δ=+0.045% | SPY n=10 WR=90% avg=+0.119% Δ=+0.011%
L3_rsi35,1w_above_sma9+1w_bb_mid,2,2,"DIA,SPY",2/4,23.0,0.7961538461538462,0.0011796852985221,2.643699193440941e-05,20,0.6923076923076923,0.0011338931834247,0.014549706980415564,DIA n=26 WR=69% avg=+0.123% Δ=+0.000% | SPY n=20 WR=90% avg=+0.113% Δ=+0.005%
L3_rsi35,15m_below_sma9+1w_rsi_hi,2,2,"DIA,SPY",2/4,17.5,0.8166666666666667,0.00133392731869755,0.00018067901210979998,15,0.7,0.0012512424692348,0.014548331105583324,DIA n=20 WR=70% avg=+0.142% Δ=+0.019% | SPY n=15 WR=93% avg=+0.125% Δ=+0.017%
L1_prior_up,1h_rsi_mid+1w_bb_mid,2,2,"DIA,SPY",2/4,32.0,0.73966065747614,0.0010624402518000001,0.00010747833188044687,23,0.6097560975609756,0.0010583366174583,0.01452571856040535,DIA n=41 WR=61% avg=+0.106% Δ=+0.017% | SPY n=23 WR=87% avg=+0.107% Δ=+0.005%
L3_rsi35,1w_bb_mid+1w_rsi_hi,2,2,"DIA,SPY",2/4,21.0,0.7836538461538461,0.00125544341788175,0.00010219511129405,16,0.6923076923076923,0.0012254774136195,0.014520164537596015,DIA n=26 WR=69% avg=+0.123% Δ=+0.000% | SPY n=16 WR=88% avg=+0.129% Δ=+0.020%
L3_rsi35,1w_bb_mid+30m_rsi_mid,2,2,"DIA,SPY",2/4,17.0,0.8392857142857143,0.0013211951750645,0.00016794686847683017,14,0.75,0.0011584479421432,0.014487654961539118,DIA n=20 WR=75% avg=+0.148% Δ=+0.026% | SPY n=14 WR=93% avg=+0.116% Δ=+0.008%
L1_prior_up,1d_candle_up+1w_above_sma9,2,2,"DIA,QQQ",2/4,35.0,0.6599999999999999,0.00113785621454845,0.0003038541996031,20,0.62,0.0008904100109302,0.014486000419166877,DIA n=50 WR=62% avg=+0.089% Δ=+0.000% | QQQ n=20 WR=70% avg=+0.139% Δ=+0.061%
L1_prior_up,15m_below_sma9+1h_rsi_mid,2,2,"DIA,IWM",2/4,22.5,0.6388888888888888,0.0013731107438206,0.00016736975315275284,18,0.6111111111111112,0.0011314480903251,0.01447115432047351,DIA n=27 WR=67% avg=+0.113% Δ=+0.024% | IWM n=18 WR=61% avg=+0.161% Δ=+0.009%
L2_hvol,15m_below_sma9+1h_above_sma9,2,2,"IWM,QQQ",2/4,17.0,0.6214285714285714,0.0015646110532333002,0.0005381729105738,14,0.6,0.0014410310619539,0.01446690987601576,IWM n=14 WR=64% avg=+0.144% Δ=+0.012% | QQQ n=20 WR=60% avg=+0.169% Δ=+0.096%
L1_prior_up,15m_bb_mid+1w_above_sma9,2,2,"QQQ,SPY",2/4,38.5,0.6476190476190475,0.0010116859100319,0.00011313198609732121,35,0.6285714285714286,0.0009437801618093,0.014464000435853993,QQQ n=35 WR=63% avg=+0.094% Δ=+0.017% | SPY n=42 WR=67% avg=+0.108% Δ=+0.006%
L1_prior_up,1h_candle_dn+30m_bb_mid,2,2,"DIA,QQQ",2/4,17.0,0.7159090909090908,0.0014382794782706499,0.0006042774633253001,12,0.6818181818181818,0.0012537663774478,0.014424461715744791,DIA n=22 WR=68% avg=+0.162% Δ=+0.073% | QQQ n=12 WR=75% avg=+0.125% Δ=+0.048%
L1_prior_up,1d_above_sma9+1h_bb_mid,2,2,"DIA,QQQ",2/4,37.0,0.6559386973180077,0.00103599409262375,0.00020199207767837945,29,0.6222222222222222,0.0009682299960212,0.014360142781876459,DIA n=45 WR=62% avg=+0.097% Δ=+0.008% | QQQ n=29 WR=69% avg=+0.110% Δ=+0.033%
L1_prior_up,15m_below_sma9+1w_rsi_hi,2,2,"DIA,QQQ",2/4,26.0,0.6339712918660287,0.0012992695652879,0.00046526755034260233,19,0.631578947368421,0.0009594818620029,0.014347962066804144,DIA n=33 WR=64% avg=+0.096% Δ=+0.007% | QQQ n=19 WR=63% avg=+0.164% Δ=+0.086%
L1_prior_up,1w_above_sma9+30m_rsi_mid,2,2,"DIA,SPY",2/4,32.5,0.6920731707317074,0.0010722251197160999,0.00011726319979659788,24,0.6341463414634146,0.0010409508494664,0.014316994361979115,DIA n=41 WR=63% avg=+0.104% Δ=+0.015% | SPY n=24 WR=75% avg=+0.110% Δ=+0.008%
L2_hvol,1d_above_sma9+1h_bb_mid,2,2,"DIA,QQQ",2/4,29.0,0.6906832298136646,0.0011047146244303001,0.00014681133435542128,23,0.6857142857142857,0.0009683568100188,0.014258550215620908,DIA n=35 WR=69% avg=+0.124% Δ=+0.006% | QQQ n=23 WR=70% avg=+0.097% Δ=+0.024%
L1_prior_up,1h_bb_mid+1w_rsi_hi,2,2,"DIA,SPY",2/4,35.5,0.6188034188034188,0.00109634310182475,0.00014138118190522945,26,0.6153846153846154,0.0009682299960212,0.014252860852985686,DIA n=45 WR=62% avg=+0.097% Δ=+0.008% | SPY n=26 WR=62% avg=+0.122% Δ=+0.020%
L1_prior_up,1w_rsi_hi+30m_rsi_mid,2,2,"DIA,SPY",2/4,28.5,0.6608231707317074,0.00122375688851835,0.00026879496859885004,16,0.6341463414634146,0.0010409508494664,0.014240642175716235,DIA n=41 WR=63% avg=+0.104% Δ=+0.015% | SPY n=16 WR=69% avg=+0.141% Δ=+0.039%
L1_prior_up,15m_rsi_mid+1h_bb_mid,2,2,"DIA,SPY",2/4,36.0,0.65625,0.00103039529653595,7.543337661644996e-05,32,0.625,0.0009721094380365,0.014229911267186316,DIA n=40 WR=62% avg=+0.097% Δ=+0.008% | SPY n=32 WR=69% avg=+0.109% Δ=+0.007%
L2_hvol,1d_above_sma9+1d_bb_mid,2,2,"DIA,QQQ",2/4,31.0,0.6939799331103679,0.0010602125104624501,0.00010230922038755,23,0.6923076923076923,0.000936963437044,0.014184692118336957,DIA n=39 WR=69% avg=+0.118% Δ=+0.000% | QQQ n=23 WR=70% avg=+0.094% Δ=+0.020%
L3_rsi35,15m_below_sma9+1h_rsi_mid,2,2,"DIA,SPY",2/4,16.0,0.8196078431372549,0.00136051469630035,0.00020726638971265045,15,0.7058823529411765,0.0010908355674989,0.014160821052315434,DIA n=17 WR=71% avg=+0.163% Δ=+0.040% | SPY n=15 WR=93% avg=+0.109% Δ=+0.001%
L1_prior_up,15m_bb_mid+1h_candle_dn,2,2,"DIA,QQQ",2/4,17.0,0.717948717948718,0.00142213019349715,0.0005881281785517999,13,0.6666666666666666,0.0013900571463288,0.014135948514854182,DIA n=21 WR=67% avg=+0.145% Δ=+0.056% | QQQ n=13 WR=77% avg=+0.139% Δ=+0.061%
L1_prior_up,1h_bb_mid+30m_candle_dn,2,2,"DIA,QQQ",2/4,26.0,0.6339285714285714,0.0012133889565583002,0.00037938694161300003,24,0.625,0.0011364918453366,0.014066523213528491,DIA n=28 WR=64% avg=+0.129% Δ=+0.040% | QQQ n=24 WR=62% avg=+0.114% Δ=+0.036%
L1_prior_up,1d_bb_mid+30m_candle_dn,2,2,"DIA,QQQ",2/4,28.5,0.630272952853598,0.0011603383404963,0.000326336325551,26,0.6153846153846154,0.0010664972798643,0.014062195505015793,DIA n=31 WR=65% avg=+0.125% Δ=+0.036% | QQQ n=26 WR=62% avg=+0.107% Δ=+0.029%
L1_prior_up,1d_above_sma9+1d_bb_mid,2,2,"DIA,QQQ",2/4,40.5,0.6487096774193548,0.0009721388149431,0.0001381367999978,31,0.62,0.0008904100109302,0.013960415253726793,DIA n=50 WR=62% avg=+0.089% Δ=+0.000% | QQQ n=31 WR=68% avg=+0.105% Δ=+0.028%
L1_prior_up,1d_candle_up+30m_bb_mid,2,2,"DIA,QQQ",2/4,36.5,0.6360869565217391,0.0010637044593835,0.00022970244443815867,23,0.62,0.0009018990414784,0.013914392556136003,DIA n=50 WR=62% avg=+0.090% Δ=+0.001% | QQQ n=23 WR=65% avg=+0.123% Δ=+0.045%
L3_rsi35,15m_rsi_mid+30m_rsi_mid,2,2,"DIA,SPY",2/4,16.5,0.8327067669172932,0.0012947795698381001,0.0001415312632503883,14,0.7368421052631579,0.001290298919665,0.01390118752818453,DIA n=19 WR=74% avg=+0.129% Δ=+0.006% | SPY n=14 WR=93% avg=+0.130% Δ=+0.022%
L3_rsi35,1d_rsi_mid+1h_rsi_mid,2,2,"DIA,IWM",2/4,15.5,0.6571428571428571,0.00154621511491465,0.0002568674501028,10,0.6,0.0014886600307821,0.013862455745235725,DIA n=21 WR=71% avg=+0.149% Δ=+0.026% | IWM n=10 WR=60% avg=+0.160% Δ=+0.025%
L3_rsi35,1h_rsi_mid+1w_candle_dn,2,2,"DIA,IWM",2/4,15.5,0.6571428571428571,0.00154621511491465,0.0002568674501028,10,0.6,0.0014886600307821,0.013862455745235725,DIA n=21 WR=71% avg=+0.149% Δ=+0.026% | IWM n=10 WR=60% avg=+0.160% Δ=+0.025%
L2_hvol,1d_above_sma9+1w_above_sma9,2,2,"DIA,QQQ",2/4,30.5,0.6870629370629371,0.0010463152461046,8.84119560297e-05,22,0.6818181818181818,0.0009091689083283,0.013851728637603204,DIA n=39 WR=69% avg=+0.118% Δ=+0.000% | QQQ n=22 WR=68% avg=+0.091% Δ=+0.018%
L1_prior_up,15m_bb_mid+30m_rsi_mid,2,2,"DIA,SPY",2/4,33.0,0.6971153846153846,0.00101868295822625,6.372103830675863e-05,26,0.625,0.000937895403551,0.013788831738728942,DIA n=40 WR=62% avg=+0.094% Δ=+0.005% | SPY n=26 WR=77% avg=+0.110% Δ=+0.008%
L1_prior_up,1w_above_sma9+1w_rsi_hi,2,2,"DIA,SPY",2/4,39.5,0.6203448275862069,0.0010025937830553501,4.763186313587562e-05,29,0.62,0.0008904100109302,0.013779479856565958,DIA n=50 WR=62% avg=+0.089% Δ=+0.000% | SPY n=29 WR=62% avg=+0.111% Δ=+0.010%
L3_rsi35,15m_bb_mid+1h_rsi_mid,2,2,"DIA,SPY",2/4,17.5,0.8166666666666667,0.00126237631234955,0.00010912800576187713,15,0.7,0.001219818026682,0.013774560615589841,DIA n=20 WR=70% avg=+0.130% Δ=+0.008% | SPY n=15 WR=93% avg=+0.122% Δ=+0.014%
L1_prior_up,1d_bb_mid+1w_above_sma9,2,2,"DIA,QQQ",2/4,42.0,0.6335294117647059,0.00094715620863285,0.00011315419368755,34,0.62,0.0008904100109302,0.013766233365769716,DIA n=50 WR=62% avg=+0.089% Δ=+0.000% | QQQ n=34 WR=65% avg=+0.100% Δ=+0.023%
L3_rsi35,15m_bb_mid+30m_rsi_mid,2,2,"DIA,SPY",2/4,16.5,0.8327067669172932,0.0012627421779602501,0.00010949387137253832,14,0.7368421052631579,0.0012351854362555,0.01355869340254816,DIA n=19 WR=74% avg=+0.129% Δ=+0.006% | SPY n=14 WR=93% avg=+0.124% Δ=+0.015%
L1_prior_up,15m_bb_mid+30m_candle_dn,2,2,"DIA,QQQ",2/4,28.5,0.6314814814814815,0.00111607634074745,0.00028207432580215,27,0.6296296296296297,0.0011082729231984,0.013481769000013457,DIA n=30 WR=63% avg=+0.112% Δ=+0.023% | QQQ n=27 WR=63% avg=+0.111% Δ=+0.033%
L3_rsi35,15m_rsi_mid+30m_candle_dn,2,2,"DIA,SPY",2/4,13.0,0.875,0.0013759180316645502,0.00022266972507687882,12,0.75,0.0011082315845743,0.013336950503895616,DIA n=12 WR=75% avg=+0.164% Δ=+0.042% | SPY n=14 WR=100% avg=+0.111% Δ=+0.003%
L1_prior_up,1w_rsi_hi+30m_bb_mid,2,2,"DIA,SPY",2/4,37.0,0.6225,0.00101266452813095,5.7702608211408664e-05,24,0.62,0.0009018990414784,0.013334294165940879,DIA n=50 WR=62% avg=+0.090% Δ=+0.001% | SPY n=24 WR=62% avg=+0.112% Δ=+0.010%
L1_prior_up,15m_below_sma9+1d_candle_up,2,2,"DIA,QQQ",2/4,24.5,0.6931818181818181,0.00117699190230175,0.00034298988735640237,16,0.6363636363636364,0.0009594818620029,0.013235922968108244,DIA n=33 WR=64% avg=+0.096% Δ=+0.007% | QQQ n=16 WR=75% avg=+0.139% Δ=+0.062%
L2_hvol,1d_candle_dn+1w_rsi_hi,2,2,"IWM,SPY",2/4,19.5,0.6603448275862069,0.0013499075771807,0.0001003823828723,10,0.6206896551724138,0.0013205312890501,0.013203550654705475,IWM n=29 WR=62% avg=+0.132% Δ=+0.000% | SPY n=10 WR=70% avg=+0.138% Δ=+0.020%
L1_prior_up,1d_above_sma9+30m_candle_dn,2,2,"DIA,QQQ",2/4,26.0,0.6321044546850998,0.00112340735082165,0.00028940533587635,21,0.6190476190476191,0.000992635300515,0.013086986444532591,DIA n=31 WR=65% avg=+0.125% Δ=+0.036% | QQQ n=21 WR=62% avg=+0.099% Δ=+0.022%
L1_prior_up,1d_above_sma9+30m_bb_mid,2,2,"DIA,QQQ",2/4,40.5,0.6325806451612903,0.00091133619271745,7.733417777215866e-05,31,0.62,0.0009018990414784,0.013013515991712896,DIA n=50 WR=62% avg=+0.090% Δ=+0.001% | QQQ n=31 WR=65% avg=+0.092% Δ=+0.014%
L1_prior_up,1d_bb_mid+1d_rsi_mid,2,2,"DIA,SPY",2/4,32.5,0.6766666666666666,0.0010682354377122,0.0001132735177927,15,0.62,0.0008904100109302,0.013003720853510602,DIA n=50 WR=62% avg=+0.089% Δ=+0.000% | SPY n=15 WR=73% avg=+0.125% Δ=+0.023%
L1_prior_up,15m_candle_dn+1d_candle_up,2,2,"DIA,QQQ",2/4,27.0,0.6343402225755167,0.0011626989786984,0.00032869696375306863,17,0.6216216216216216,0.0009543498748572,0.01299540341914835,DIA n=37 WR=62% avg=+0.095% Δ=+0.006% | QQQ n=17 WR=65% avg=+0.137% Δ=+0.059%
L1_prior_up,1w_candle_up+30m_above_sma9,2,2,"QQQ,SPY",2/4,24.0,0.6660869565217391,0.00113580318425015,0.00023724926031549998,23,0.6521739130434783,0.001124235715138,0.012981599667044538,QQQ n=23 WR=65% avg=+0.112% Δ=+0.035% | SPY n=25 WR=68% avg=+0.115% Δ=+0.013%
L1_prior_up,1d_above_sma9+1w_above_sma9,2,2,"DIA,QQQ",2/4,39.5,0.6375862068965517,0.0009142573360557,8.02553211104e-05,29,0.62,0.0008904100109302,0.01288744320293712,DIA n=50 WR=62% avg=+0.089% Δ=+0.000% | QQQ n=29 WR=66% avg=+0.094% Δ=+0.016%
L2_hvol,1d_above_sma9+1w_rsi_hi,2,2,"DIA,QQQ",2/4,28.0,0.6696832579185521,0.0009844297628788,2.6526472803916596e-05,17,0.6470588235294118,0.0007853979418767,0.012526502735801956,DIA n=39 WR=69% avg=+0.118% Δ=+0.000% | QQQ n=17 WR=65% avg=+0.079% Δ=+0.005%
L2_hvol,1w_candle_up+30m_above_sma9,2,2,"QQQ,SPY",2/4,18.5,0.6491228070175439,0.0012278279923694,0.00027239594445159997,18,0.631578947368421,0.0010186460753682,0.012137245054939228,QQQ n=19 WR=63% avg=+0.102% Δ=+0.029% | SPY n=18 WR=67% avg=+0.144% Δ=+0.026%
L1_prior_up,1d_candle_up+1w_rsi_hi,2,2,"DIA,QQQ",2/4,31.5,0.6561538461538461,0.0009985186843023,0.000164516669357,13,0.62,0.0008904100109302,0.011808997212258506,DIA n=50 WR=62% avg=+0.089% Δ=+0.000% | QQQ n=13 WR=69% avg=+0.111% Δ=+0.033%
L2_hvol,15m_candle_dn+1d_candle_up,2,2,"DIA,QQQ",2/4,21.5,0.6576923076923077,0.0010644461919061,0.00010654290183121184,13,0.6153846153846154,0.0009190809012931,0.011647846554786274,DIA n=30 WR=70% avg=+0.121% Δ=+0.003% | QQQ n=13 WR=62% avg=+0.092% Δ=+0.019%
L2_hvol,15m_below_sma9+1d_candle_up,2,2,"DIA,QQQ",2/4,18.5,0.729020979020979,0.00107893612056985,0.00012103283049495157,11,0.7272727272727273,0.0009666830266031,0.011410355237419264,DIA n=26 WR=73% avg=+0.119% Δ=+0.001% | QQQ n=11 WR=73% avg=+0.097% Δ=+0.023%
L3_rsi35,1d_candle_dn+1h_rsi_mid,2,2,"IWM,SPY",2/4,10.0,0.8,0.00140626569344345,0.00018914713566339997,10,0.6,0.0012087611878397,0.011312381090915948,IWM n=10 WR=60% avg=+0.160% Δ=+0.025% | SPY n=10 WR=100% avg=+0.121% Δ=+0.013%
raw_bb_dn,1h_below_sma9+30m_candle_dn,2,2,"DIA,SPY",2/4,28.0,0.6436781609195402,0.0008672462517214999,0.0004095489267037,27,0.6206896551724138,0.0006661711076265,0.010485872560834927,DIA n=29 WR=62% avg=+0.107% Δ=+0.068% | SPY n=27 WR=67% avg=+0.067% Δ=+0.013%
