recipe,combo,k,n_syms,syms,coverage,mean_n,mean_wr,mean_avg,mean_delta,min_n,min_wr,min_avg,sum_score,detail,kind
L1_prior_up,15m_candle_dn+1w_above_sma9,2,4,"DIA,IWM,QQQ,SPY",4/4,28.25,0.6372221755917409,0.0017092536669708752,0.0006571062096696844,23,0.6086956521739131,0.0009543498748572,0.040114447212676,DIA n=37 WR=62% avg=+0.095% Δ=+0.006% | IWM n=25 WR=64% avg=+0.227% Δ=+0.075% | QQQ n=23 WR=61% avg=+0.203% Δ=+0.125% | SPY n=28 WR=68% avg=+0.158% Δ=+0.056%,pair
L1_prior_up,15m_candle_dn+1w_rsi_hi,2,4,"DIA,IWM,QQQ,SPY",4/4,25.0,0.6306831831831832,0.0017437235286554501,0.0006915760713542593,18,0.6111111111111112,0.0009543498748572,0.03784469099921947,DIA n=37 WR=62% avg=+0.095% Δ=+0.006% | IWM n=25 WR=64% avg=+0.227% Δ=+0.075% | QQQ n=18 WR=61% avg=+0.208% Δ=+0.130% | SPY n=20 WR=65% avg=+0.167% Δ=+0.065%,pair
L1_prior_up,1w_above_sma9,1,4,"DIA,IWM,QQQ,SPY",4/4,41.5,0.625484350410911,0.00111103681278775,5.888935548655846e-05,35,0.5789473684210527,0.0008904100109302,0.03183076947746781,DIA n=50 WR=62% avg=+0.089% Δ=+0.000% | IWM n=38 WR=58% avg=+0.152% Δ=+0.000% | QQQ n=35 WR=63% avg=+0.097% Δ=+0.019% | SPY n=43 WR=67% avg=+0.106% Δ=+0.005%,single
L1_prior_up,1h_bb_mid,1,4,"DIA,IWM,QQQ,SPY",4/4,42.0,0.6218201754385965,0.0010991544659001,4.700700859889726e-05,38,0.575,0.0008257703155037,0.03180691155590297,DIA n=45 WR=62% avg=+0.097% Δ=+0.008% | IWM n=38 WR=58% avg=+0.152% Δ=+0.000% | QQQ n=40 WR=57% avg=+0.083% Δ=+0.005% | SPY n=45 WR=71% avg=+0.108% Δ=+0.006%,single
L3_rsi35,1d_bb_mid,1,4,"DIA,IWM,QQQ,SPY",4/4,19.5,0.7383475965637091,0.0014493976151959249,3.3236867174e-05,12,0.5833333333333334,0.0010810191995559,0.031002488329568405,DIA n=26 WR=69% avg=+0.123% Δ=+0.000% | IWM n=12 WR=58% avg=+0.135% Δ=+0.000% | QQQ n=17 WR=76% avg=+0.214% Δ=+0.013% | SPY n=23 WR=91% avg=+0.108% Δ=+0.000%,single
L2_hvol,1w_above_sma9,1,4,"DIA,IWM,QQQ,SPY",4/4,32.75,0.6586064797271693,0.00115907166746785,5.535742527622198e-05,28,0.6071428571428571,0.0008946180454947,0.030913846373830968,DIA n=39 WR=69% avg=+0.118% Δ=+0.000% | IWM n=29 WR=62% avg=+0.132% Δ=+0.000% | QQQ n=28 WR=61% avg=+0.089% Δ=+0.016% | SPY n=35 WR=71% avg=+0.124% Δ=+0.006%,single
L2_hvol,1h_bb_mid+1w_above_sma9,2,4,"DIA,IWM,QQQ,SPY",4/4,31.0,0.6582508168715064,0.0011915584111512499,8.784416895962233e-05,27,0.6206896551724138,0.000963945605822,0.030864514117830838,DIA n=35 WR=69% avg=+0.124% Δ=+0.006% | IWM n=29 WR=62% avg=+0.132% Δ=+0.000% | QQQ n=27 WR=63% avg=+0.096% Δ=+0.023% | SPY n=33 WR=70% avg=+0.124% Δ=+0.006%,pair
L3_rsi35,1w_above_sma9,1,4,"DIA,IWM,QQQ,SPY",4/4,18.25,0.7415293040293041,0.001488313855616175,7.215310759426763e-05,12,0.5833333333333334,0.0011520482334688,0.03063680776417351,DIA n=26 WR=69% avg=+0.123% Δ=+0.000% | IWM n=12 WR=58% avg=+0.135% Δ=+0.000% | QQQ n=14 WR=79% avg=+0.222% Δ=+0.022% | SPY n=21 WR=90% avg=+0.115% Δ=+0.007%,single
L3_rsi35,1h_bb_mid,1,4,"DIA,IWM,QQQ,SPY",4/4,19.0,0.7307449494949496,0.00142631569515055,1.015494712863275e-05,12,0.5833333333333334,0.0010896139876579,0.030120193007216824,DIA n=24 WR=71% avg=+0.126% Δ=+0.003% | IWM n=12 WR=58% avg=+0.135% Δ=+0.000% | QQQ n=18 WR=72% avg=+0.200% Δ=+0.000% | SPY n=22 WR=91% avg=+0.109% Δ=+0.001%,single
L3_rsi35,1w_rsi_hi,1,4,"DIA,IWM,QQQ,SPY",4/4,16.75,0.726998491704374,0.001549716557420875,0.000133555809398925,12,0.5833333333333334,0.0012254774136195,0.02998336131152413,DIA n=26 WR=69% avg=+0.123% Δ=+0.000% | IWM n=12 WR=58% avg=+0.135% Δ=+0.000% | QQQ n=12 WR=75% avg=+0.232% Δ=+0.032% | SPY n=17 WR=88% avg=+0.130% Δ=+0.022%,single
L2_hvol,1w_rsi_hi,1,4,"DIA,IWM,QQQ,SPY",4/4,29.0,0.6395536846961135,0.001139050744912725,3.5336502721115484e-05,23,0.5652173913043478,0.000799971926197,0.028256487363688743,DIA n=39 WR=69% avg=+0.118% Δ=+0.000% | IWM n=29 WR=62% avg=+0.132% Δ=+0.000% | QQQ n=23 WR=57% avg=+0.080% Δ=+0.007% | SPY n=25 WR=68% avg=+0.125% Δ=+0.007%,single
L3_rsi35,15m_below_sma9+1w_above_sma9,2,3,"DIA,QQQ,SPY",3/4,16.333333333333332,0.8491228070175438,0.0020245379622922,0.0005873962702643903,10,0.7,0.0011382391504653,0.03036163879491264,DIA n=20 WR=70% avg=+0.142% Δ=+0.019% | QQQ n=10 WR=90% avg=+0.352% Δ=+0.151% | SPY n=19 WR=95% avg=+0.114% Δ=+0.006%,pair
L1_prior_up,15m_candle_dn+1h_bb_mid,2,3,"DIA,IWM,SPY",3/4,28.0,0.6461227661227662,0.0016747026502597333,0.0005310373801782746,25,0.6060606060606061,0.0009876811805402,0.029954858136989795,DIA n=33 WR=61% avg=+0.099% Δ=+0.010% | IWM n=25 WR=64% avg=+0.227% Δ=+0.075% | SPY n=26 WR=69% avg=+0.177% Δ=+0.075%,pair
L1_prior_up,15m_candle_dn+30m_rsi_mid,2,3,"DIA,IWM,SPY",3/4,19.666666666666668,0.6870129870129871,0.0020160794795439003,0.0008724142094624333,11,0.6,0.0012260941115743,0.02981944489847637,DIA n=28 WR=64% avg=+0.123% Δ=+0.034% | IWM n=20 WR=60% avg=+0.242% Δ=+0.090% | SPY n=11 WR=82% avg=+0.241% Δ=+0.139%,pair
L1_prior_up,15m_candle_dn+30m_bb_mid,2,3,"DIA,IWM,SPY",3/4,29.333333333333332,0.6513097713097714,0.0016368850187494335,0.0004932197486679292,25,0.6216216216216216,0.0009698755918143,0.029714830507421325,DIA n=37 WR=62% avg=+0.097% Δ=+0.008% | IWM n=25 WR=64% avg=+0.227% Δ=+0.075% | SPY n=26 WR=69% avg=+0.167% Δ=+0.065%,pair
L1_prior_up,15m_candle_dn,1,3,"DIA,IWM,SPY",3/4,30.333333333333332,0.6504255980118049,0.0016003083638142668,0.0004566430937328124,25,0.6216216216216216,0.0009543498748572,0.029552516726513864,DIA n=37 WR=62% avg=+0.095% Δ=+0.006% | IWM n=25 WR=64% avg=+0.227% Δ=+0.075% | SPY n=29 WR=69% avg=+0.158% Δ=+0.056%,single
L1_prior_up,15m_candle_dn+1w_bb_mid,2,3,"DIA,IWM,SPY",3/4,30.0,0.6467310167310169,0.0015903958361780997,0.00044673056609664574,25,0.6216216216216216,0.0009543498748572,0.02909841935510586,DIA n=37 WR=62% avg=+0.095% Δ=+0.006% | IWM n=25 WR=64% avg=+0.227% Δ=+0.075% | SPY n=28 WR=68% avg=+0.155% Δ=+0.053%,pair
L2_hvol,15m_candle_dn+30m_bb_mid,2,3,"DIA,IWM,SPY",3/4,23.0,0.7095238095238096,0.0016761455831063,0.00044864159227375077,18,0.6666666666666666,0.0012289598667661,0.02843852398250078,DIA n=30 WR=70% avg=+0.123% Δ=+0.005% | IWM n=18 WR=67% avg=+0.193% Δ=+0.061% | SPY n=21 WR=76% avg=+0.187% Δ=+0.069%,pair
L2_hvol,15m_candle_dn,1,3,"DIA,IWM,SPY",3/4,23.333333333333332,0.6979797979797979,0.0016300591388628332,0.0004025551480302746,18,0.6666666666666666,0.0012098114825191,0.027577834367876915,DIA n=30 WR=70% avg=+0.121% Δ=+0.003% | IWM n=18 WR=67% avg=+0.193% Δ=+0.061% | SPY n=22 WR=73% avg=+0.175% Δ=+0.057%,single
L2_hvol,15m_candle_dn+1w_above_sma9,2,3,"DIA,IWM,SPY",3/4,23.333333333333332,0.6979797979797979,0.0016300591388628332,0.0004025551480302746,18,0.6666666666666666,0.0012098114825191,0.027577834367876915,DIA n=30 WR=70% avg=+0.121% Δ=+0.003% | IWM n=18 WR=67% avg=+0.193% Δ=+0.061% | SPY n=22 WR=73% avg=+0.175% Δ=+0.057%,pair
L3_rsi35,15m_candle_dn,1,3,"DIA,QQQ,SPY",3/4,15.666666666666666,0.7680555555555556,0.0019680395887138333,0.0005308978966860129,10,0.6666666666666666,0.0013075012231188,0.027501371482717425,DIA n=21 WR=67% avg=+0.131% Δ=+0.008% | QQQ n=10 WR=70% avg=+0.303% Δ=+0.102% | SPY n=16 WR=94% avg=+0.157% Δ=+0.049%,single
L3_rsi35,15m_candle_dn+1h_bb_mid,2,3,"DIA,QQQ,SPY",3/4,14.666666666666666,0.7725146198830409,0.001999450888138133,0.0005623091961103,10,0.6842105263157895,0.0013565879404293,0.027452335086016827,DIA n=19 WR=68% avg=+0.136% Δ=+0.013% | QQQ n=10 WR=70% avg=+0.303% Δ=+0.102% | SPY n=15 WR=93% avg=+0.161% Δ=+0.053%,pair
L1_prior_up,15m_candle_dn+1d_bb_mid,2,3,"DIA,IWM,SPY",3/4,29.666666666666668,0.6427627627627627,0.0015104160428029666,0.00036675077272151237,25,0.6216216216216216,0.0009543498748572,0.027373832148116478,DIA n=37 WR=62% avg=+0.095% Δ=+0.006% | IWM n=25 WR=64% avg=+0.227% Δ=+0.075% | SPY n=27 WR=67% avg=+0.131% Δ=+0.029%,pair
L2_hvol,15m_candle_dn+1h_bb_mid,2,3,"DIA,IWM,SPY",3/4,21.666666666666668,0.691086691086691,0.0016708340008035668,0.000443330009971,18,0.6666666666666666,0.0012914183870647,0.027368839294333636,DIA n=26 WR=69% avg=+0.129% Δ=+0.011% | IWM n=18 WR=67% avg=+0.193% Δ=+0.061% | SPY n=21 WR=71% avg=+0.179% Δ=+0.061%,pair
L3_rsi35,15m_candle_dn+30m_bb_mid,2,3,"DIA,QQQ,SPY",3/4,15.333333333333334,0.7666666666666666,0.0019695201443190335,0.0005323784522911797,10,0.6666666666666666,0.0013075012231188,0.027214202514491498,DIA n=21 WR=67% avg=+0.131% Δ=+0.008% | QQQ n=10 WR=70% avg=+0.303% Δ=+0.102% | SPY n=15 WR=93% avg=+0.157% Δ=+0.049%,pair
L2_hvol,15m_candle_dn+1w_bb_mid,2,3,"DIA,IWM,SPY",3/4,23.0,0.6936507936507935,0.0016195005509452001,0.00039199656011264125,18,0.6666666666666666,0.0012098114825191,0.02706638690209242,DIA n=30 WR=70% avg=+0.121% Δ=+0.003% | IWM n=18 WR=67% avg=+0.193% Δ=+0.061% | SPY n=21 WR=71% avg=+0.172% Δ=+0.054%,pair
L3_rsi35,1d_bb_mid+1w_above_sma9,2,3,"DIA,QQQ,SPY",3/4,20.0,0.8144078144078145,0.0015968763576483002,0.00015973466562045686,13,0.6923076923076923,0.0011520482334688,0.026578943255606342,DIA n=26 WR=69% avg=+0.123% Δ=+0.000% | QQQ n=13 WR=85% avg=+0.241% Δ=+0.041% | SPY n=21 WR=90% avg=+0.115% Δ=+0.007%,pair
L2_hvol,15m_candle_dn+1w_rsi_hi,2,3,"DIA,IWM,SPY",3/4,21.0,0.6999999999999998,0.0016721682163213334,0.00044466422548877457,15,0.6666666666666666,0.0012098114825191,0.02646964842803715,DIA n=30 WR=70% avg=+0.121% Δ=+0.003% | IWM n=18 WR=67% avg=+0.193% Δ=+0.061% | SPY n=15 WR=73% avg=+0.187% Δ=+0.069%,pair
L2_hvol,1d_rsi_mid+1w_above_sma9,2,3,"DIA,IWM,SPY",3/4,26.666666666666668,0.6876657824933687,0.0015688542515859,0.0003413502607533333,12,0.6206896551724138,0.0011834615838809,0.026318950357365305,DIA n=39 WR=69% avg=+0.118% Δ=+0.000% | IWM n=29 WR=62% avg=+0.132% Δ=+0.000% | SPY n=12 WR=75% avg=+0.220% Δ=+0.102%,pair
L2_hvol,30m_bb_mid,1,3,"DIA,IWM,SPY",3/4,34.666666666666664,0.6969250417526279,0.0012488464141295666,2.1342423297057857e-05,29,0.6206896551724138,0.0011981911102247,0.026304480916359792,DIA n=39 WR=69% avg=+0.120% Δ=+0.001% | IWM n=29 WR=62% avg=+0.132% Δ=+0.000% | SPY n=36 WR=78% avg=+0.123% Δ=+0.005%,single
L2_hvol,1d_rsi_mid+30m_bb_mid,2,3,"DIA,IWM,SPY",3/4,27.666666666666668,0.7043324491600353,0.0014618855175466,0.00023438152671405614,15,0.6206896551724138,0.0011981911102247,0.02629100480226959,DIA n=39 WR=69% avg=+0.120% Δ=+0.001% | IWM n=29 WR=62% avg=+0.132% Δ=+0.000% | SPY n=15 WR=80% avg=+0.187% Δ=+0.069%,pair
L2_hvol,1d_rsi_mid,1,3,"DIA,IWM,SPY",3/4,27.666666666666668,0.7043324491600353,0.0014569756754320002,0.00022947168459943332,15,0.6206896551724138,0.0011834615838809,0.026181329350786285,DIA n=39 WR=69% avg=+0.118% Δ=+0.000% | IWM n=29 WR=62% avg=+0.132% Δ=+0.000% | SPY n=15 WR=80% avg=+0.187% Δ=+0.069%,single
L2_hvol,1d_rsi_mid+1w_bb_mid,2,3,"DIA,IWM,SPY",3/4,27.666666666666668,0.7043324491600353,0.0014569756754320002,0.00022947168459943332,15,0.6206896551724138,0.0011834615838809,0.026181329350786285,DIA n=39 WR=69% avg=+0.118% Δ=+0.000% | IWM n=29 WR=62% avg=+0.132% Δ=+0.000% | SPY n=15 WR=80% avg=+0.187% Δ=+0.069%,pair
L2_hvol,1d_rsi_mid+1h_bb_mid,2,3,"DIA,IWM,SPY",3/4,26.333333333333332,0.7021346469622332,0.0014761792937523003,0.0002486753029197475,15,0.6206896551724138,0.0012410724388418,0.026075173251864557,DIA n=35 WR=69% avg=+0.124% Δ=+0.006% | IWM n=29 WR=62% avg=+0.132% Δ=+0.000% | SPY n=15 WR=80% avg=+0.187% Δ=+0.069%,pair
L2_hvol,1w_above_sma9+30m_bb_mid,2,3,"DIA,IWM,SPY",3/4,33.333333333333336,0.6876657824933687,0.0012724680161083,4.496402527575616e-05,29,0.6206896551724138,0.0011981911102247,0.026074284458945093,DIA n=39 WR=69% avg=+0.120% Δ=+0.001% | IWM n=29 WR=62% avg=+0.132% Δ=+0.000% | SPY n=32 WR=75% avg=+0.130% Δ=+0.012%,pair
L2_hvol,1w_bb_mid+30m_bb_mid,2,3,"DIA,IWM,SPY",3/4,34.333333333333336,0.6948086396362259,0.0012461099151654,1.8605924332887092e-05,29,0.6206896551724138,0.0011981911102247,0.02606494985852538,DIA n=39 WR=69% avg=+0.120% Δ=+0.001% | IWM n=29 WR=62% avg=+0.132% Δ=+0.000% | SPY n=35 WR=77% avg=+0.122% Δ=+0.004%,pair
L3_rsi35,1d_bb_mid+1w_rsi_hi,2,3,"DIA,QQQ,SPY",3/4,18.0,0.797614150555327,0.0016932896159609666,0.0002561479239331,11,0.6923076923076923,0.0012254774136195,0.026026027800053222,DIA n=26 WR=69% avg=+0.123% Δ=+0.000% | QQQ n=11 WR=82% avg=+0.256% Δ=+0.055% | SPY n=17 WR=88% avg=+0.130% Δ=+0.022%,pair
L2_hvol,1h_bb_mid+30m_bb_mid,2,3,"DIA,IWM,SPY",3/4,32.666666666666664,0.6903699410798803,0.0012693912028025668,4.188721197001381e-05,29,0.6206896551724138,0.0012301569797326,0.02586223760107008,DIA n=35 WR=69% avg=+0.126% Δ=+0.007% | IWM n=29 WR=62% avg=+0.132% Δ=+0.000% | SPY n=34 WR=76% avg=+0.123% Δ=+0.005%,pair
L1_prior_up,1d_rsi_mid,1,3,"DIA,IWM,SPY",3/4,34.666666666666664,0.6496491228070176,0.0013806419344848666,0.0002369766644034,16,0.5789473684210527,0.0008904100109302,0.02582067535029914,DIA n=50 WR=62% avg=+0.089% Δ=+0.000% | IWM n=38 WR=58% avg=+0.152% Δ=+0.000% | SPY n=16 WR=75% avg=+0.173% Δ=+0.071%,single
L3_rsi35,1d_bb_mid+1h_bb_mid,2,3,"DIA,QQQ,SPY",3/4,21.0,0.794043374925728,0.0014949974444313334,5.785575240351033e-05,17,0.7083333333333334,0.0010896139876579,0.025793400640079546,DIA n=24 WR=71% avg=+0.126% Δ=+0.003% | QQQ n=17 WR=76% avg=+0.214% Δ=+0.013% | SPY n=22 WR=91% avg=+0.109% Δ=+0.001%,pair
L3_rsi35,1h_bb_mid+1w_above_sma9,2,3,"DIA,QQQ,SPY",3/4,19.333333333333332,0.798015873015873,0.0015483560751603,0.00011121438313248411,14,0.7083333333333334,0.0011650539520767,0.025430146127001296,DIA n=24 WR=71% avg=+0.126% Δ=+0.003% | QQQ n=14 WR=79% avg=+0.222% Δ=+0.022% | SPY n=20 WR=90% avg=+0.117% Δ=+0.008%,pair
L2_hvol,15m_candle_dn+1d_bb_mid,2,3,"DIA,IWM,SPY",3/4,23.0,0.6936507936507935,0.0015149927417458335,0.0002874887509133079,18,0.6666666666666666,0.0012098114825191,0.025321768168887055,DIA n=30 WR=70% avg=+0.121% Δ=+0.003% | IWM n=18 WR=67% avg=+0.193% Δ=+0.061% | SPY n=21 WR=71% avg=+0.140% Δ=+0.022%,pair
L1_prior_up,15m_candle_dn+1d_above_sma9,2,3,"DIA,QQQ,SPY",3/4,27.0,0.6433183183183183,0.0014961500762253332,0.0006003107899588792,20,0.6,0.0009543498748572,0.02529176027413485,DIA n=37 WR=62% avg=+0.095% Δ=+0.006% | QQQ n=20 WR=60% avg=+0.214% Δ=+0.136% | SPY n=24 WR=71% avg=+0.139% Δ=+0.038%,pair
L3_rsi35,1w_above_sma9+30m_bb_mid,2,3,"DIA,QQQ,SPY",3/4,20.0,0.7926739926739926,0.0015275046964860666,9.03630044582592e-05,14,0.6923076923076923,0.0011345248164665,0.025245504663403105,DIA n=26 WR=69% avg=+0.123% Δ=+0.000% | QQQ n=14 WR=79% avg=+0.222% Δ=+0.022% | SPY n=20 WR=90% avg=+0.113% Δ=+0.005%,pair
L1_prior_up,1h_rsi_mid,1,3,"DIA,IWM,SPY",3/4,32.0,0.6854742547425475,0.0012866190031135998,0.0001429537330321,25,0.5666666666666667,0.0010583366174583,0.025123464199876457,DIA n=41 WR=61% avg=+0.106% Δ=+0.017% | IWM n=30 WR=57% avg=+0.163% Δ=+0.011% | SPY n=25 WR=88% avg=+0.117% Δ=+0.015%,single
L3_rsi35,15m_below_sma9+30m_rsi_mid,2,3,"DIA,QQQ,SPY",3/4,14.666666666666666,0.8208360267183797,0.001677864408826667,0.00024072271679880715,13,0.7647058823529411,0.0010969899442736,0.02502898194837811,DIA n=17 WR=76% avg=+0.180% Δ=+0.058% | QQQ n=13 WR=77% avg=+0.213% Δ=+0.013% | SPY n=14 WR=93% avg=+0.110% Δ=+0.002%,pair
L2_hvol,15m_candle_dn+1d_above_sma9,2,3,"DIA,QQQ,SPY",3/4,20.666666666666668,0.688235294117647,0.0016176683278355001,0.0005862264345967078,15,0.6,0.0012098114825191,0.024926044394924404,DIA n=30 WR=70% avg=+0.121% Δ=+0.003% | QQQ n=15 WR=60% avg=+0.212% Δ=+0.139% | SPY n=17 WR=76% avg=+0.152% Δ=+0.034%,pair
L3_rsi35,1w_above_sma9+1w_rsi_hi,2,3,"DIA,QQQ,SPY",3/4,18.333333333333332,0.7748868778280542,0.0016152161045597665,0.0001780744125319,12,0.6923076923076923,0.0012254774136195,0.02490503657902201,DIA n=26 WR=69% avg=+0.123% Δ=+0.000% | QQQ n=12 WR=75% avg=+0.232% Δ=+0.032% | SPY n=17 WR=88% avg=+0.130% Δ=+0.022%,pair
L2_hvol,1d_bb_mid+1h_candle_dn,2,3,"DIA,IWM,QQQ",3/4,14.333333333333334,0.7234695129431973,0.0017913680811146332,0.0007125887913813333,11,0.6153846153846154,0.0016917667760928,0.024806438286471992,DIA n=19 WR=74% avg=+0.190% Δ=+0.072% | IWM n=13 WR=62% avg=+0.178% Δ=+0.046% | QQQ n=11 WR=82% avg=+0.169% Δ=+0.096%,pair
L3_rsi35,1h_bb_mid+1w_rsi_hi,2,3,"DIA,QQQ,SPY",3/4,17.333333333333332,0.7777777777777778,0.0016343700561021,0.00019722836407426867,12,0.7083333333333334,0.001257502414032,0.0247791896227588,DIA n=24 WR=71% avg=+0.126% Δ=+0.003% | QQQ n=12 WR=75% avg=+0.232% Δ=+0.032% | SPY n=16 WR=88% avg=+0.132% Δ=+0.024%,pair
L2_hvol,1w_rsi_hi+30m_bb_mid,2,3,"DIA,IWM,SPY",3/4,30.0,0.6800900249176111,0.0012872274055473001,5.972341471475615e-05,22,0.6206896551724138,0.0011981911102247,0.02462185832017213,DIA n=39 WR=69% avg=+0.120% Δ=+0.001% | IWM n=29 WR=62% avg=+0.132% Δ=+0.000% | SPY n=22 WR=73% avg=+0.134% Δ=+0.016%,pair
L3_rsi35,1w_rsi_hi+30m_bb_mid,2,3,"DIA,QQQ,SPY",3/4,18.0,0.7724358974358975,0.0016109745827936998,0.00017383289076586665,12,0.6923076923076923,0.0012254774136195,0.024575802974893167,DIA n=26 WR=69% avg=+0.123% Δ=+0.000% | QQQ n=12 WR=75% avg=+0.232% Δ=+0.032% | SPY n=16 WR=88% avg=+0.129% Δ=+0.021%,pair
L2_hvol,1w_above_sma9+1w_rsi_hi,2,3,"DIA,IWM,SPY",3/4,31.0,0.6643324491600353,0.0012520770178179668,2.457302698542347e-05,25,0.6206896551724138,0.0011834615838809,0.024169748266088358,DIA n=39 WR=69% avg=+0.118% Δ=+0.000% | IWM n=29 WR=62% avg=+0.132% Δ=+0.000% | SPY n=25 WR=68% avg=+0.125% Δ=+0.007%,pair
L2_hvol,1h_candle_dn,1,3,"DIA,IWM,QQQ",3/4,14.666666666666666,0.7007422402159245,0.0017372862677530333,0.0006585069780197333,12,0.6153846153846154,0.001529521336008,0.024033200256648138,DIA n=19 WR=74% avg=+0.190% Δ=+0.072% | IWM n=13 WR=62% avg=+0.178% Δ=+0.046% | QQQ n=12 WR=75% avg=+0.153% Δ=+0.080%,single
L2_hvol,1h_bb_mid+1h_candle_dn,2,3,"DIA,IWM,QQQ",3/4,14.666666666666666,0.7007422402159245,0.0017372862677530333,0.0006585069780197333,12,0.6153846153846154,0.001529521336008,0.024033200256648138,DIA n=19 WR=74% avg=+0.190% Δ=+0.072% | IWM n=13 WR=62% avg=+0.178% Δ=+0.046% | QQQ n=12 WR=75% avg=+0.153% Δ=+0.080%,pair
L1_prior_up,1w_rsi_hi,1,3,"DIA,IWM,SPY",3/4,39.0,0.6065456745311555,0.0011754198455053667,3.175457542391708e-05,29,0.5789473684210527,0.0008904100109302,0.023896248580500618,DIA n=50 WR=62% avg=+0.089% Δ=+0.000% | IWM n=38 WR=58% avg=+0.152% Δ=+0.000% | SPY n=29 WR=62% avg=+0.111% Δ=+0.010%,single
L2_hvol,1h_rsi_mid,1,3,"DIA,IWM,SPY",3/4,25.0,0.7085137085137084,0.0013167474480428336,8.92434572103085e-05,21,0.5714285714285714,0.0012616905117663,0.023723008351540672,DIA n=33 WR=70% avg=+0.136% Δ=+0.018% | IWM n=21 WR=57% avg=+0.133% Δ=+0.001% | SPY n=21 WR=86% avg=+0.126% Δ=+0.008%,single
L2_hvol,1h_bb_mid+1w_rsi_hi,2,3,"DIA,IWM,SPY",3/4,29.0,0.6528592846433926,0.0012731416117883001,4.5637620955755196e-05,23,0.6206896551724138,0.0012410724388418,0.023625643429235385,DIA n=35 WR=69% avg=+0.124% Δ=+0.006% | IWM n=29 WR=62% avg=+0.132% Δ=+0.000% | SPY n=23 WR=65% avg=+0.126% Δ=+0.008%,pair
L2_hvol,1w_candle_dn,1,3,"DIA,IWM,SPY",3/4,27.333333333333332,0.6995705443981306,0.0012872315317861334,5.972754095356667e-05,14,0.6206896551724138,0.0011834615838809,0.023313041873689773,DIA n=39 WR=69% avg=+0.118% Δ=+0.000% | IWM n=29 WR=62% avg=+0.132% Δ=+0.000% | SPY n=14 WR=79% avg=+0.136% Δ=+0.018%,single
L2_hvol,1d_bb_mid+1d_rsi_mid,2,3,"DIA,IWM,SPY",3/4,27.333333333333332,0.6995705443981306,0.0012872315317861334,5.972754095356667e-05,14,0.6206896551724138,0.0011834615838809,0.023313041873689773,DIA n=39 WR=69% avg=+0.118% Δ=+0.000% | IWM n=29 WR=62% avg=+0.132% Δ=+0.000% | SPY n=14 WR=79% avg=+0.136% Δ=+0.018%,pair
L2_hvol,1h_candle_dn+1w_above_sma9,2,3,"DIA,IWM,QQQ",3/4,14.333333333333334,0.6931664826401668,0.0017096433676993,0.0006308640779659999,11,0.6153846153846154,0.0014465926358468,0.023298393817903135,DIA n=19 WR=74% avg=+0.190% Δ=+0.072% | IWM n=13 WR=62% avg=+0.178% Δ=+0.046% | QQQ n=11 WR=73% avg=+0.145% Δ=+0.071%,pair
L1_prior_up,1w_candle_dn,1,3,"DIA,IWM,SPY",3/4,34.333333333333336,0.6440935672514619,0.0012191809486099333,7.551567852846667e-05,15,0.5789473684210527,0.0008904100109302,0.023120489577445263,DIA n=50 WR=62% avg=+0.089% Δ=+0.000% | IWM n=38 WR=58% avg=+0.152% Δ=+0.000% | SPY n=15 WR=73% avg=+0.125% Δ=+0.023%,single
L3_rsi35,30m_bb_mid,1,3,"DIA,IWM,QQQ",3/4,18.666666666666668,0.665954415954416,0.0015278745975106,0.0,12,0.5833333333333334,0.0012254774136195,0.022925193202358553,DIA n=26 WR=69% avg=+0.123% Δ=+0.000% | IWM n=12 WR=58% avg=+0.135% Δ=+0.000% | QQQ n=18 WR=72% avg=+0.200% Δ=+0.000%,single
L1_prior_up,1d_bb_mid,1,3,"DIA,IWM,QQQ",3/4,43.333333333333336,0.5901253132832079,0.0010712219407644,8.196607332416736e-06,38,0.5714285714285714,0.0008021838409576,0.022738540667238846,DIA n=50 WR=62% avg=+0.089% Δ=+0.000% | IWM n=38 WR=58% avg=+0.152% Δ=+0.000% | QQQ n=42 WR=57% avg=+0.080% Δ=+0.002%,single
L1_prior_up,1h_bb_mid+1w_above_sma9,2,3,"DIA,QQQ,SPY",3/4,38.666666666666664,0.6483796296296296,0.0010517242807798,0.000155884994513253,32,0.6222222222222222,0.0009682299960212,0.022443261600482965,DIA n=45 WR=62% avg=+0.097% Δ=+0.008% | QQQ n=32 WR=66% avg=+0.105% Δ=+0.027% | SPY n=39 WR=67% avg=+0.114% Δ=+0.012%,pair
L2_hvol,1d_bb_mid+1w_above_sma9,2,3,"DIA,IWM,QQQ",3/4,31.666666666666668,0.6475423257032452,0.0011470653252828667,6.828603554956667e-05,27,0.6206896551724138,0.0009372031029176,0.022282670049177347,DIA n=39 WR=69% avg=+0.118% Δ=+0.000% | IWM n=29 WR=62% avg=+0.132% Δ=+0.000% | QQQ n=27 WR=63% avg=+0.094% Δ=+0.020%,pair
L2_hvol,1d_bb_mid+1h_bb_mid,2,3,"DIA,IWM,QQQ",3/4,31.666666666666668,0.6397690555643837,0.0011269839250515,4.820463531822494e-05,29,0.6129032258064516,0.0008193480472626,0.02175238114761236,DIA n=35 WR=69% avg=+0.124% Δ=+0.006% | IWM n=29 WR=62% avg=+0.132% Δ=+0.000% | QQQ n=31 WR=61% avg=+0.082% Δ=+0.009%,pair
L2_hvol,1h_bb_mid,1,3,"DIA,IWM,QQQ",3/4,32.0,0.6333846469622332,0.0011157909401328667,3.701165039961346e-05,29,0.59375,0.0007857690925067,0.021537085122466534,DIA n=35 WR=69% avg=+0.124% Δ=+0.006% | IWM n=29 WR=62% avg=+0.132% Δ=+0.000% | QQQ n=32 WR=59% avg=+0.079% Δ=+0.005%,single
L2_hvol,1d_bb_mid,1,3,"DIA,IWM,QQQ",3/4,33.333333333333336,0.6355824491600354,0.0010890659928707,1.0286703137426767e-05,29,0.59375,0.0007632051056811,0.02150363367555714,DIA n=39 WR=69% avg=+0.118% Δ=+0.000% | IWM n=29 WR=62% avg=+0.132% Δ=+0.000% | QQQ n=32 WR=59% avg=+0.076% Δ=+0.003%,single
raw_bb_dn,30m_vwap_dn,1,3,"IWM,QQQ,SPY",3/4,19.333333333333332,0.6280193236714976,0.0014265890828778,0.0007476531530892333,12,0.6086956521739131,0.0010036278232709,0.021475732020064517,IWM n=23 WR=61% avg=+0.136% Δ=+0.069% | QQQ n=23 WR=61% avg=+0.192% Δ=+0.108% | SPY n=12 WR=67% avg=+0.100% Δ=+0.047%,single
L3_rsi35,1h_rsi_mid+1w_rsi_hi,2,3,"DIA,IWM,SPY",3/4,14.0,0.7411255411255412,0.0015238486788914667,0.0003039438358316,10,0.6,0.0014791158068451,0.020774993778711115,DIA n=21 WR=71% avg=+0.149% Δ=+0.026% | IWM n=10 WR=60% avg=+0.160% Δ=+0.025% | SPY n=11 WR=91% avg=+0.148% Δ=+0.040%,pair
L3_rsi35,1h_rsi_mid+1w_above_sma9,2,3,"DIA,IWM,SPY",3/4,15.0,0.7476190476190476,0.0014609926011352667,0.00024108775807536666,10,0.6,0.0012905475735765,0.02076072269045815,DIA n=21 WR=71% avg=+0.149% Δ=+0.026% | IWM n=10 WR=60% avg=+0.160% Δ=+0.025% | SPY n=14 WR=93% avg=+0.129% Δ=+0.021%,pair
L3_rsi35,1h_bb_mid+1h_rsi_mid,2,3,"DIA,IWM,SPY",3/4,15.0,0.7581140350877194,0.001443905738376,0.00022400089531611597,10,0.6,0.0011711309198131,0.02070594164849396,DIA n=19 WR=74% avg=+0.156% Δ=+0.033% | IWM n=10 WR=60% avg=+0.160% Δ=+0.025% | SPY n=16 WR=94% avg=+0.117% Δ=+0.009%,pair
L1_prior_up,1w_above_sma9+30m_bb_mid,2,3,"DIA,QQQ,SPY",3/4,40.666666666666664,0.6406191950464396,0.0009493559215788001,5.3516635312355005e-05,34,0.6176470588235294,0.000882551743836,0.020658583867440593,DIA n=50 WR=62% avg=+0.090% Δ=+0.001% | QQQ n=34 WR=62% avg=+0.088% Δ=+0.010% | SPY n=38 WR=68% avg=+0.106% Δ=+0.004%,pair
L3_rsi35,1h_rsi_mid,1,3,"DIA,IWM,SPY",3/4,15.666666666666666,0.7505952380952382,0.0014211870498808,0.00020128220682094928,10,0.6,0.0011711309198131,0.02059645853416105,DIA n=21 WR=71% avg=+0.149% Δ=+0.026% | IWM n=10 WR=60% avg=+0.160% Δ=+0.025% | SPY n=16 WR=94% avg=+0.117% Δ=+0.009%,single
L3_rsi35,1d_bb_mid+1h_rsi_mid,2,3,"DIA,IWM,SPY",3/4,15.666666666666666,0.7505952380952382,0.0014211870498808,0.00020128220682094928,10,0.6,0.0011711309198131,0.02059645853416105,DIA n=21 WR=71% avg=+0.149% Δ=+0.026% | IWM n=10 WR=60% avg=+0.160% Δ=+0.025% | SPY n=16 WR=94% avg=+0.117% Δ=+0.009%,pair
L3_rsi35,1h_rsi_mid+30m_bb_mid,2,3,"DIA,IWM,SPY",3/4,15.333333333333334,0.7492063492063492,0.001413822924243,0.00019391808118313634,10,0.6,0.0011490385428997,0.020241085980383787,DIA n=21 WR=71% avg=+0.149% Δ=+0.026% | IWM n=10 WR=60% avg=+0.160% Δ=+0.025% | SPY n=15 WR=93% avg=+0.115% Δ=+0.007%,pair
L3_rsi35,1h_rsi_mid+1w_bb_mid,2,3,"DIA,IWM,SPY",3/4,15.333333333333334,0.7492063492063492,0.0014135421984466,0.00019363735538675464,10,0.6,0.0011481963655105,0.020236410821146265,DIA n=21 WR=71% avg=+0.149% Δ=+0.026% | IWM n=10 WR=60% avg=+0.160% Δ=+0.025% | SPY n=15 WR=93% avg=+0.115% Δ=+0.007%,pair
raw_bb_dn,15m_vwap_dn+1h_bb_mid,2,2,"IWM,QQQ",2/4,30.5,0.6653846153846154,0.0020119198934012,0.00125947467252655,26,0.6,0.0014744240178625,0.02559450129504684,IWM n=35 WR=60% avg=+0.147% Δ=+0.081% | QQQ n=26 WR=73% avg=+0.255% Δ=+0.171%,pair
raw_bb_dn,15m_vwap_dn+30m_bb_mid,2,2,"IWM,QQQ",2/4,29.0,0.6430303030303031,0.0019562833658521997,0.00120383814497755,25,0.6060606060606061,0.0015294444066807,0.02377825826651765,IWM n=33 WR=61% avg=+0.153% Δ=+0.087% | QQQ n=25 WR=68% avg=+0.238% Δ=+0.154%,pair
L3_rsi35,1d_bb_mid+1h_above_sma9,2,2,"QQQ,SPY",2/4,14.0,0.9285714285714286,0.0021702144250747,0.00062724059384265,14,0.9285714285714286,0.0013333487525224,0.023200568098468894,QQQ n=14 WR=93% avg=+0.301% Δ=+0.100% | SPY n=14 WR=93% avg=+0.133% Δ=+0.025%,pair
L1_prior_up,1h_rsi_mid+30m_candle_up,2,2,"IWM,SPY",2/4,14.0,0.7564102564102564,0.0024752898501390497,0.00120499695048195,13,0.6666666666666666,0.0015968394535242,0.02290427277805201,IWM n=15 WR=67% avg=+0.335% Δ=+0.183% | SPY n=13 WR=85% avg=+0.160% Δ=+0.058%,pair
L3_rsi35,15m_below_sma9+1h_bb_mid,2,2,"DIA,QQQ",2/4,16.5,0.7612781954887218,0.00225432139302985,0.0006391184547660501,14,0.7368421052631579,0.0016399876443708,0.02264186181499382,DIA n=19 WR=74% avg=+0.164% Δ=+0.041% | QQQ n=14 WR=79% avg=+0.287% Δ=+0.086%,pair
raw_bb_dn,1h_bb_mid+30m_vwap_dn,2,2,"IWM,QQQ",2/4,20.5,0.6866028708133971,0.0020561579763080503,0.0013037127554334,19,0.6363636363636364,0.0014433024818661,0.022082199652701445,IWM n=22 WR=64% avg=+0.144% Δ=+0.078% | QQQ n=19 WR=74% avg=+0.267% Δ=+0.183%,pair
L1_prior_up,15m_bb_mid+15m_candle_dn,2,2,"IWM,SPY",2/4,25.0,0.6594202898550725,0.00191614773663255,0.00064585483697545,23,0.6521739130434783,0.0015946426159144,0.02203145327933493,IWM n=23 WR=65% avg=+0.224% Δ=+0.072% | SPY n=27 WR=67% avg=+0.159% Δ=+0.058%,pair
L3_rsi35,1h_above_sma9,1,2,"QQQ,SPY",2/4,14.5,0.8976190476190476,0.0020614724716563,0.0005184986404243,14,0.8666666666666667,0.0013333487525224,0.02189259697578163,QQQ n=15 WR=87% avg=+0.279% Δ=+0.078% | SPY n=14 WR=93% avg=+0.133% Δ=+0.025%,single
L3_rsi35,1h_above_sma9+30m_bb_mid,2,2,"QQQ,SPY",2/4,14.5,0.8976190476190476,0.0020614724716563,0.0005184986404243,14,0.8666666666666667,0.0013333487525224,0.02189259697578163,QQQ n=15 WR=87% avg=+0.279% Δ=+0.078% | SPY n=14 WR=93% avg=+0.133% Δ=+0.025%,pair
L3_rsi35,1h_above_sma9+1h_bb_mid,2,2,"QQQ,SPY",2/4,14.0,0.894871794871795,0.00207844996747215,0.0005354761362401,13,0.8666666666666667,0.0013673037441541,0.021781151916182632,QQQ n=15 WR=87% avg=+0.279% Δ=+0.078% | SPY n=13 WR=92% avg=+0.137% Δ=+0.029%,pair
L3_rsi35,15m_bb_mid+1h_above_sma9,2,2,"QQQ,SPY",2/4,14.5,0.8976190476190476,0.00203329921675105,0.000490325385519,14,0.8666666666666667,0.0013333487525224,0.021594350547160555,QQQ n=15 WR=87% avg=+0.273% Δ=+0.073% | SPY n=14 WR=93% avg=+0.133% Δ=+0.025%,pair
L3_rsi35,15m_below_sma9,1,2,"DIA,QQQ",2/4,17.0,0.7428571428571429,0.0021426336549246,0.0005274307166608,14,0.7,0.0014166121681603,0.021402584697975777,DIA n=20 WR=70% avg=+0.142% Δ=+0.019% | QQQ n=14 WR=79% avg=+0.287% Δ=+0.086%,single
L3_rsi35,15m_below_sma9+1d_bb_mid,2,2,"DIA,QQQ",2/4,17.0,0.7428571428571429,0.0021426336549246,0.0005274307166608,14,0.7,0.0014166121681603,0.021402584697975777,DIA n=20 WR=70% avg=+0.142% Δ=+0.019% | QQQ n=14 WR=79% avg=+0.287% Δ=+0.086%,pair
L3_rsi35,15m_below_sma9+30m_bb_mid,2,2,"DIA,QQQ",2/4,17.0,0.7428571428571429,0.0021426336549246,0.0005274307166608,14,0.7,0.0014166121681603,0.021402584697975777,DIA n=20 WR=70% avg=+0.142% Δ=+0.019% | QQQ n=14 WR=79% avg=+0.287% Δ=+0.086%,pair
L1_prior_up,1h_bb_mid+30m_candle_up,2,2,"IWM,SPY",2/4,22.5,0.6428571428571428,0.00199734326228395,0.00072705036262685,21,0.6190476190476191,0.0013051932151408,0.021251846144282174,IWM n=21 WR=62% avg=+0.269% Δ=+0.117% | SPY n=24 WR=67% avg=+0.131% Δ=+0.029%,pair
raw_bb_dn,15m_bb_mid+15m_vwap_dn,2,2,"IWM,QQQ",2/4,27.0,0.6333333333333333,0.00180209398206,0.00104964876118535,24,0.6,0.0014108591753978,0.02103627155200783,IWM n=30 WR=60% avg=+0.141% Δ=+0.075% | QQQ n=24 WR=67% avg=+0.219% Δ=+0.135%,pair
raw_bb_dn,1d_candle_dn+1w_above_sma9,2,2,"QQQ,SPY",2/4,50.0,0.6474747474747475,0.0013147955546395,0.0006281493024182,45,0.6222222222222222,0.0010145340443433,0.020981887261720476,QQQ n=45 WR=62% avg=+0.162% Δ=+0.077% | SPY n=55 WR=67% avg=+0.101% Δ=+0.048%,pair
raw_bb_dn,1d_rsi_mid+1w_rsi_hi,2,2,"QQQ,SPY",2/4,32.0,0.6441441441441441,0.0016118379309967,0.0009251916787753999,27,0.6216216216216216,0.0014385604349048,0.02089986266066348,QQQ n=37 WR=62% avg=+0.179% Δ=+0.094% | SPY n=27 WR=67% avg=+0.144% Δ=+0.091%,pair
L1_prior_up,30m_candle_up,1,2,"IWM,SPY",2/4,23.0,0.6295238095238096,0.00193357177119525,0.00066327887153815,21,0.6190476190476191,0.0011776502329634,0.020504651888885853,IWM n=21 WR=62% avg=+0.269% Δ=+0.117% | SPY n=25 WR=64% avg=+0.118% Δ=+0.016%,single
L1_prior_up,15m_candle_dn+15m_rsi_mid,2,2,"IWM,SPY",2/4,21.0,0.6418764302059496,0.0019298207257085502,0.0006595278260514499,19,0.631578947368421,0.0015885290681509,0.020384652779952737,IWM n=23 WR=65% avg=+0.227% Δ=+0.075% | SPY n=19 WR=63% avg=+0.159% Δ=+0.057%,pair
L2_hvol,1h_rsi_mid+30m_candle_up,2,2,"IWM,SPY",2/4,12.0,0.75,0.00235227790398665,0.00110275270967825,12,0.6666666666666666,0.0017283088333564,0.02001107550523814,IWM n=12 WR=67% avg=+0.298% Δ=+0.166% | SPY n=12 WR=83% avg=+0.173% Δ=+0.055%,pair
L3_rsi35,1h_above_sma9+1w_above_sma9,2,2,"QQQ,SPY",2/4,13.5,0.8873626373626373,0.0019901825380024,0.0004472087067704,13,0.8461538461538461,0.0013333487525224,0.019974678017942248,QQQ n=13 WR=85% avg=+0.265% Δ=+0.064% | SPY n=14 WR=93% avg=+0.133% Δ=+0.025%,pair
L2_hvol,30m_candle_up,1,2,"IWM,SPY",2/4,19.5,0.6904761904761905,0.00191558965248245,0.000666064458174,18,0.6666666666666666,0.0014143670316167,0.019832935267673574,IWM n=18 WR=67% avg=+0.242% Δ=+0.110% | SPY n=21 WR=71% avg=+0.141% Δ=+0.024%,single
L2_hvol,1h_bb_mid+30m_candle_up,2,2,"IWM,SPY",2/4,19.5,0.6904761904761905,0.00191558965248245,0.000666064458174,18,0.6666666666666666,0.0014143670316167,0.019832935267673574,IWM n=18 WR=67% avg=+0.242% Δ=+0.110% | SPY n=21 WR=71% avg=+0.141% Δ=+0.024%,pair
L1_prior_up,30m_bb_mid+30m_candle_up,2,2,"IWM,SPY",2/4,21.5,0.6277056277056277,0.0019089107206712,0.00063861782101405,21,0.6190476190476191,0.0011283281319153,0.019806054711207714,IWM n=21 WR=62% avg=+0.269% Δ=+0.117% | SPY n=22 WR=64% avg=+0.113% Δ=+0.011%,pair
L2_hvol,30m_bb_mid+30m_candle_up,2,2,"IWM,SPY",2/4,18.5,0.7017543859649122,0.00192384151517205,0.0006743163208635999,18,0.6666666666666666,0.0014308707569959,0.01967682065394402,IWM n=18 WR=67% avg=+0.242% Δ=+0.110% | SPY n=19 WR=74% avg=+0.143% Δ=+0.025%,pair
raw_bb_dn,1d_rsi_mid+1w_above_sma9,2,2,"QQQ,SPY",2/4,38.0,0.6185031185031185,0.0014210474545888999,0.0007344012023676,37,0.6153846153846154,0.0010569794820892,0.019541523018957084,QQQ n=37 WR=62% avg=+0.179% Δ=+0.094% | SPY n=39 WR=62% avg=+0.106% Δ=+0.053%,pair
L1_prior_up,1w_bb_mid+30m_candle_up,2,2,"IWM,SPY",2/4,22.0,0.6138716356107661,0.00188316744058145,0.0006128745409243471,21,0.6086956521739131,0.0010768415717358,0.019517738789745612,IWM n=21 WR=62% avg=+0.269% Δ=+0.117% | SPY n=23 WR=61% avg=+0.108% Δ=+0.006%,pair
L3_rsi35,30m_candle_dn,1,2,"DIA,QQQ",2/4,13.5,0.7333333333333334,0.00216373059457365,0.0005485276563098,12,0.6666666666666666,0.0020401687022214,0.019515983760598744,DIA n=15 WR=80% avg=+0.204% Δ=+0.081% | QQQ n=12 WR=67% avg=+0.229% Δ=+0.028%,single
L3_rsi35,30m_bb_mid+30m_candle_dn,2,2,"DIA,QQQ",2/4,13.5,0.7333333333333334,0.00216373059457365,0.0005485276563098,12,0.6666666666666666,0.0020401687022214,0.019515983760598744,DIA n=15 WR=80% avg=+0.204% Δ=+0.081% | QQQ n=12 WR=67% avg=+0.229% Δ=+0.028%,pair
raw_bb_dn,30m_bb_mid+30m_vwap_dn,2,2,"IWM,QQQ",2/4,19.5,0.6428571428571428,0.0019439340201035,0.0011914887992288499,18,0.6190476190476191,0.00144317336924,0.019501388083587225,IWM n=21 WR=62% avg=+0.144% Δ=+0.078% | QQQ n=18 WR=67% avg=+0.244% Δ=+0.160%,pair
L2_hvol,1w_above_sma9+30m_candle_up,2,2,"IWM,SPY",2/4,18.0,0.6666666666666666,0.0019662061744885,0.0007166809801800499,18,0.6666666666666666,0.0015156000756288,0.019464448068683495,IWM n=18 WR=67% avg=+0.242% Δ=+0.110% | SPY n=18 WR=67% avg=+0.152% Δ=+0.034%,pair
L3_rsi35,15m_bb_mid+30m_candle_dn,2,2,"DIA,QQQ",2/4,13.0,0.7678571428571428,0.0021456046493280503,0.0005304017110641999,12,0.75,0.0018170972748028,0.01945473346043805,DIA n=14 WR=79% avg=+0.182% Δ=+0.059% | QQQ n=12 WR=75% avg=+0.247% Δ=+0.047%,pair
L1_prior_up,15m_candle_dn+1d_rsi_mid,2,2,"DIA,IWM",2/4,31.0,0.6308108108108108,0.0016106906029749,0.0004049496123071186,25,0.6216216216216216,0.0009543498748572,0.019433185935130822,DIA n=37 WR=62% avg=+0.095% Δ=+0.006% | IWM n=25 WR=64% avg=+0.227% Δ=+0.075%,pair
L1_prior_up,15m_candle_dn+1w_candle_dn,2,2,"DIA,IWM",2/4,31.0,0.6308108108108108,0.0016106906029749,0.0004049496123071186,25,0.6216216216216216,0.0009543498748572,0.019433185935130822,DIA n=37 WR=62% avg=+0.095% Δ=+0.006% | IWM n=25 WR=64% avg=+0.227% Δ=+0.075%,pair
raw_bb_dn,1d_candle_dn,1,2,"QQQ,SPY",2/4,53.5,0.6305418719211823,0.00118827650914205,0.0005016302569208,49,0.5714285714285714,0.0009911410878238,0.019370470326948774,QQQ n=49 WR=57% avg=+0.139% Δ=+0.054% | SPY n=58 WR=69% avg=+0.099% Δ=+0.046%,single
L1_prior_up,1h_candle_up+30m_candle_up,2,2,"IWM,SPY",2/4,15.0,0.660633484162896,0.00218106117986955,0.00091076828021245,13,0.6153846153846154,0.0016842944986304,0.01914336847900118,IWM n=13 WR=62% avg=+0.268% Δ=+0.116% | SPY n=17 WR=71% avg=+0.168% Δ=+0.066%,pair
L3_rsi35,15m_bb_mid+1h_candle_up,2,2,"QQQ,SPY",2/4,13.5,0.8928571428571428,0.0018879469616347498,0.00034497313040275,13,0.7857142857142857,0.0014345917545631,0.01902204905106571,QQQ n=14 WR=79% avg=+0.234% Δ=+0.034% | SPY n=13 WR=100% avg=+0.143% Δ=+0.035%,pair
L1_prior_up,15m_candle_dn+1h_candle_up,2,2,"IWM,SPY",2/4,20.0,0.6713554987212276,0.0018120643407319999,0.00054177144107485,17,0.6470588235294118,0.0017551467701998,0.018903515082826637,IWM n=17 WR=65% avg=+0.187% Δ=+0.035% | SPY n=23 WR=70% avg=+0.176% Δ=+0.074%,pair
L2_hvol,1w_bb_mid+30m_candle_up,2,2,"IWM,SPY",2/4,18.5,0.6754385964912281,0.0018670326627212,0.00061750746841275,18,0.6666666666666666,0.0013172530520942,0.01876207838326285,IWM n=18 WR=67% avg=+0.242% Δ=+0.110% | SPY n=19 WR=68% avg=+0.132% Δ=+0.014%,pair
L1_prior_up,15m_candle_dn+1w_candle_up,2,2,"QQQ,SPY",2/4,20.5,0.6794258373205742,0.0017706674219915,0.0008721134980569,19,0.631578947368421,0.0015327109554642,0.01873034034338997,QQQ n=19 WR=63% avg=+0.201% Δ=+0.123% | SPY n=22 WR=73% avg=+0.153% Δ=+0.051%,pair
raw_bb_dn,1d_candle_dn+1w_candle_up,2,2,"QQQ,SPY",2/4,37.0,0.6761695906432749,0.00130234790619565,0.0006157016539744501,36,0.6578947368421053,0.0012237012202211,0.01862704257881078,QQQ n=38 WR=66% avg=+0.138% Δ=+0.054% | SPY n=36 WR=69% avg=+0.122% Δ=+0.069%,pair
L3_rsi35,1d_bb_mid+1h_candle_up,2,2,"QQQ,SPY",2/4,13.0,0.8846153846153846,0.0018935955200509499,0.0003506216888189,13,0.7692307692307693,0.0014345917545631,0.018524886299606233,QQQ n=13 WR=77% avg=+0.235% Δ=+0.035% | SPY n=13 WR=100% avg=+0.143% Δ=+0.035%,pair
L2_hvol,15m_bb_mid+15m_candle_dn,2,2,"IWM,SPY",2/4,18.0,0.69375,0.0018142375240245501,0.00056471232971615,16,0.6875,0.001779054658746,0.018332156015534715,IWM n=16 WR=69% avg=+0.185% Δ=+0.053% | SPY n=20 WR=70% avg=+0.178% Δ=+0.060%,pair
L3_rsi35,1h_bb_mid+30m_candle_dn,2,2,"DIA,QQQ",2/4,13.0,0.7261904761904762,0.0020755267376109,0.00046032379934705004,12,0.6666666666666666,0.0018637609882959,0.018209981905772547,DIA n=14 WR=79% avg=+0.186% Δ=+0.064% | QQQ n=12 WR=67% avg=+0.229% Δ=+0.028%,pair
L3_rsi35,15m_candle_dn+30m_candle_dn,2,2,"DIA,SPY",2/4,13.0,0.8928571428571428,0.0018316752707024499,0.00067842696411475,12,0.7857142857142857,0.0015105683906718,0.018205537763946237,DIA n=14 WR=79% avg=+0.215% Δ=+0.093% | SPY n=12 WR=100% avg=+0.151% Δ=+0.043%,pair
L1_prior_up,1h_below_sma9,1,2,"DIA,SPY",2/4,13.5,0.8583333333333334,0.00181426428478195,0.0008593023648624501,12,0.8,0.0015379434704548,0.018073264306139404,DIA n=15 WR=80% avg=+0.209% Δ=+0.120% | SPY n=12 WR=92% avg=+0.154% Δ=+0.052%,single
L1_prior_up,1h_bb_mid+1h_below_sma9,2,2,"DIA,SPY",2/4,13.5,0.8583333333333334,0.00181426428478195,0.0008593023648624501,12,0.8,0.0015379434704548,0.018073264306139404,DIA n=15 WR=80% avg=+0.209% Δ=+0.120% | SPY n=12 WR=92% avg=+0.154% Δ=+0.052%,pair
L1_prior_up,1h_below_sma9+1h_rsi_mid,2,2,"DIA,SPY",2/4,13.5,0.8583333333333334,0.00181426428478195,0.0008593023648624501,12,0.8,0.0015379434704548,0.018073264306139404,DIA n=15 WR=80% avg=+0.209% Δ=+0.120% | SPY n=12 WR=92% avg=+0.154% Δ=+0.052%,pair
L1_prior_up,1d_candle_up+1h_candle_dn,2,2,"DIA,QQQ",2/4,17.0,0.7575757575757576,0.001736895736359,0.0009028937214136001,12,0.6818181818181818,0.0016227925790935,0.01754489172537231,DIA n=22 WR=68% avg=+0.162% Δ=+0.073% | QQQ n=12 WR=83% avg=+0.185% Δ=+0.107%,pair
L2_hvol,15m_candle_dn+1d_rsi_mid,2,2,"DIA,IWM",2/4,24.0,0.6833333333333333,0.0015715861242345,0.00031958968776901183,18,0.6666666666666666,0.0012098114825191,0.017521340028236077,DIA n=30 WR=70% avg=+0.121% Δ=+0.003% | IWM n=18 WR=67% avg=+0.193% Δ=+0.061%,pair
L2_hvol,15m_candle_dn+1w_candle_dn,2,2,"DIA,IWM",2/4,24.0,0.6833333333333333,0.0015715861242345,0.00031958968776901183,18,0.6666666666666666,0.0012098114825191,0.017521340028236077,DIA n=30 WR=70% avg=+0.121% Δ=+0.003% | IWM n=18 WR=67% avg=+0.193% Δ=+0.061%,pair
L2_hvol,1d_rsi_mid+1h_candle_dn,2,2,"DIA,IWM",2/4,16.0,0.6761133603238867,0.0018411687336255499,0.00058917229716005,13,0.6153846153846154,0.0017830969505553,0.017410178593581925,DIA n=19 WR=74% avg=+0.190% Δ=+0.072% | IWM n=13 WR=62% avg=+0.178% Δ=+0.046%,pair
L2_hvol,1h_candle_dn+1w_bb_mid,2,2,"DIA,IWM",2/4,16.0,0.6761133603238867,0.0018411687336255499,0.00058917229716005,13,0.6153846153846154,0.0017830969505553,0.017410178593581925,DIA n=19 WR=74% avg=+0.190% Δ=+0.072% | IWM n=13 WR=62% avg=+0.178% Δ=+0.046%,pair
L2_hvol,1h_candle_dn+1w_candle_dn,2,2,"DIA,IWM",2/4,16.0,0.6761133603238867,0.0018411687336255499,0.00058917229716005,13,0.6153846153846154,0.0017830969505553,0.017410178593581925,DIA n=19 WR=74% avg=+0.190% Δ=+0.072% | IWM n=13 WR=62% avg=+0.178% Δ=+0.046%,pair
L2_hvol,1h_candle_dn+1w_rsi_hi,2,2,"DIA,IWM",2/4,16.0,0.6761133603238867,0.0018411687336255499,0.00058917229716005,13,0.6153846153846154,0.0017830969505553,0.017410178593581925,DIA n=19 WR=74% avg=+0.190% Δ=+0.072% | IWM n=13 WR=62% avg=+0.178% Δ=+0.046%,pair
L2_hvol,1h_candle_dn+30m_bb_mid,2,2,"DIA,IWM",2/4,16.0,0.6761133603238867,0.0018411687336255499,0.00058917229716005,13,0.6153846153846154,0.0017830969505553,0.017410178593581925,DIA n=19 WR=74% avg=+0.190% Δ=+0.072% | IWM n=13 WR=62% avg=+0.178% Δ=+0.046%,pair
L2_hvol,1h_rsi_mid+1w_rsi_hi,2,2,"DIA,SPY",2/4,23.5,0.7413419913419914,0.00150263483034305,0.0003216444886193,14,0.696969696969697,0.0013609045957519,0.017268222628720114,DIA n=33 WR=70% avg=+0.136% Δ=+0.018% | SPY n=14 WR=79% avg=+0.164% Δ=+0.047%,pair
L2_hvol,15m_bb_mid+30m_candle_up,2,2,"IWM,SPY",2/4,18.0,0.6625,0.00175017121750025,0.0005006460231918,16,0.625,0.0014630441673586,0.01701936111390473,IWM n=16 WR=62% avg=+0.204% Δ=+0.072% | SPY n=20 WR=70% avg=+0.146% Δ=+0.028%,pair
L2_hvol,15m_below_sma9+30m_candle_dn,2,2,"DIA,QQQ",2/4,14.5,0.7214285714285715,0.00178710658199795,0.00082920329192305,14,0.6428571428571429,0.0017676927797103,0.01662512420924629,DIA n=15 WR=80% avg=+0.177% Δ=+0.058% | QQQ n=14 WR=64% avg=+0.181% Δ=+0.107%,pair
raw_bb_dn,1d_candle_dn+1w_rsi_hi,2,2,"QQQ,SPY",2/4,37.5,0.6142857142857143,0.00121380204910985,0.00052715579688855,35,0.6,0.0009654530507401,0.016618259058351993,QQQ n=40 WR=60% avg=+0.146% Δ=+0.062% | SPY n=35 WR=63% avg=+0.097% Δ=+0.043%,pair
raw_bb_dn,15m_vwap_dn+1h_below_sma9,2,2,"IWM,QQQ",2/4,23.0,0.6086956521739131,0.0015562137076396,0.00080376848676495,23,0.6086956521739131,0.001519738090769,0.016549142459199008,IWM n=23 WR=61% avg=+0.152% Δ=+0.086% | QQQ n=23 WR=61% avg=+0.159% Δ=+0.075%,pair
L3_rsi35,1w_rsi_hi+30m_candle_dn,2,2,"DIA,SPY",2/4,13.5,0.9,0.0016238769311953,0.00047062862460755,12,0.8,0.0012075851601692,0.01654679778494197,DIA n=15 WR=80% avg=+0.204% Δ=+0.081% | SPY n=12 WR=100% avg=+0.121% Δ=+0.013%,pair
L2_hvol,15m_below_sma9+1h_bb_mid,2,2,"DIA,QQQ",2/4,22.5,0.6845238095238095,0.00146569517431155,0.00050779188423665,21,0.6190476190476191,0.0014078937888124,0.01643422730555686,DIA n=24 WR=75% avg=+0.141% Δ=+0.022% | QQQ n=21 WR=62% avg=+0.152% Δ=+0.079%,pair
L1_prior_up,1d_bb_mid+1h_candle_dn,2,2,"DIA,QQQ",2/4,17.0,0.7575757575757576,0.00161019291681165,0.00077619090186625,12,0.6818181818181818,0.0015975932545298,0.016374461213808356,DIA n=22 WR=68% avg=+0.162% Δ=+0.073% | QQQ n=12 WR=83% avg=+0.160% Δ=+0.082%,pair
L2_hvol,15m_candle_dn+15m_rsi_mid,2,2,"IWM,SPY",2/4,16.0,0.6875,0.0017097976313013002,0.0004602724369929,16,0.6875,0.0015220768047959,0.01624307749736235,IWM n=16 WR=69% avg=+0.190% Δ=+0.058% | SPY n=16 WR=69% avg=+0.152% Δ=+0.034%,pair
L1_prior_up,15m_rsi_mid+1h_rsi_mid,2,2,"DIA,SPY",2/4,28.0,0.7581792318634424,0.0012750308760329,0.0003200689561133884,19,0.6216216216216216,0.0009821946583716,0.016232954565331463,DIA n=37 WR=62% avg=+0.098% Δ=+0.009% | SPY n=19 WR=89% avg=+0.157% Δ=+0.055%,pair
L3_rsi35,15m_below_sma9+15m_candle_dn,2,2,"DIA,SPY",2/4,16.0,0.8235294117647058,0.0015150930462068499,0.0003618447396191828,15,0.6470588235294118,0.0013193893405051,0.016178809901462376,DIA n=17 WR=65% avg=+0.132% Δ=+0.009% | SPY n=15 WR=100% avg=+0.171% Δ=+0.063%,pair
raw_bb_dn,1w_above_sma9+30m_vwap_dn,2,2,"IWM,QQQ",2/4,22.0,0.6138716356107661,0.0015504677677152501,0.00079802254684065,21,0.6086956521739131,0.001357529837128,0.016158540095881392,IWM n=23 WR=61% avg=+0.136% Δ=+0.069% | QQQ n=21 WR=62% avg=+0.174% Δ=+0.090%,pair
raw_bb_dn,1w_rsi_hi+30m_vwap_dn,2,2,"IWM,QQQ",2/4,22.0,0.6138716356107661,0.0015504677677152501,0.00079802254684065,21,0.6086956521739131,0.001357529837128,0.016158540095881392,IWM n=23 WR=61% avg=+0.136% Δ=+0.069% | QQQ n=21 WR=62% avg=+0.174% Δ=+0.090%,pair
L2_hvol,15m_below_sma9+1w_rsi_hi,2,2,"DIA,QQQ",2/4,21.0,0.6778846153846154,0.0015601834259686,0.0006022801358937015,16,0.625,0.0011911892145366,0.01615686496744533,DIA n=26 WR=73% avg=+0.119% Δ=+0.001% | QQQ n=16 WR=62% avg=+0.193% Δ=+0.120%,pair
L1_prior_up,15m_below_sma9+1w_above_sma9,2,2,"DIA,QQQ",2/4,28.0,0.6442687747035574,0.00136669267243445,0.0005326906574891524,23,0.6363636363636364,0.0009594818620029,0.016065351056180857,DIA n=33 WR=64% avg=+0.096% Δ=+0.007% | QQQ n=23 WR=65% avg=+0.177% Δ=+0.100%,pair
L2_hvol,1d_bb_mid+30m_candle_dn,2,2,"DIA,QQQ",2/4,20.5,0.7309523809523809,0.001417506129513,0.00045960283943809996,20,0.7,0.0009446112247612,0.01600107790912677,DIA n=21 WR=76% avg=+0.189% Δ=+0.071% | QQQ n=20 WR=70% avg=+0.094% Δ=+0.021%,pair
L2_hvol,15m_rsi_mid+30m_candle_up,2,2,"IWM,SPY",2/4,14.0,0.6846153846153846,0.0018054914246099498,0.0005559662303015499,13,0.6,0.0017836137720187,0.015961243460624306,IWM n=15 WR=60% avg=+0.178% Δ=+0.046% | SPY n=13 WR=77% avg=+0.183% Δ=+0.065%,pair
L2_hvol,1w_above_sma9+30m_candle_dn,2,2,"DIA,QQQ",2/4,19.0,0.7044817927170868,0.0014757448018147,0.0005178415117398,17,0.6470588235294118,0.0010610885693646,0.015950121821126026,DIA n=21 WR=76% avg=+0.189% Δ=+0.071% | QQQ n=17 WR=65% avg=+0.106% Δ=+0.033%,pair
L1_prior_up,1d_rsi_mid+1h_bb_mid,2,2,"DIA,SPY",2/4,30.5,0.6861111111111111,0.0013493369090701,0.00039437498915057944,16,0.6222222222222222,0.0009682299960212,0.015941147010086105,DIA n=45 WR=62% avg=+0.097% Δ=+0.008% | SPY n=16 WR=75% avg=+0.173% Δ=+0.071%,pair
L1_prior_up,15m_below_sma9+1h_bb_mid,2,2,"DIA,QQQ",2/4,29.5,0.6261520737327189,0.00130296225528335,0.000468960240338,28,0.6071428571428571,0.0011123042838595,0.015842337431994563,DIA n=31 WR=65% avg=+0.111% Δ=+0.022% | QQQ n=28 WR=61% avg=+0.149% Δ=+0.072%,pair
L2_hvol,15m_below_sma9+1w_above_sma9,2,2,"DIA,QQQ",2/4,22.0,0.670940170940171,0.00147864108530245,0.0005207377952275515,18,0.6111111111111112,0.0011911892145366,0.015801007635420562,DIA n=26 WR=73% avg=+0.119% Δ=+0.001% | QQQ n=18 WR=61% avg=+0.177% Δ=+0.103%,pair
L1_prior_up,1d_rsi_mid+30m_bb_mid,2,2,"DIA,SPY",2/4,33.0,0.685,0.0013161714317987,0.00036120951187920865,16,0.62,0.0009018990414784,0.01579489510615527,DIA n=50 WR=62% avg=+0.090% Δ=+0.001% | SPY n=16 WR=75% avg=+0.173% Δ=+0.071%,pair
L1_prior_up,1h_rsi_mid+1w_rsi_hi,2,2,"DIA,SPY",2/4,28.0,0.7048780487804878,0.00134662255814895,0.0003916606382294,15,0.6097560975609756,0.0010583366174583,0.015752006100780463,DIA n=41 WR=61% avg=+0.106% Δ=+0.017% | SPY n=15 WR=80% avg=+0.163% Δ=+0.062%,pair
L1_prior_up,15m_below_sma9+1d_above_sma9,2,2,"DIA,QQQ",2/4,26.5,0.6431818181818182,0.0014013997928082,0.0005673977778629023,20,0.6363636363636364,0.0009594818620029,0.015743515843604138,DIA n=33 WR=64% avg=+0.096% Δ=+0.007% | QQQ n=20 WR=65% avg=+0.184% Δ=+0.107%,pair
L3_rsi35,15m_candle_dn+1w_rsi_hi,2,2,"DIA,SPY",2/4,17.0,0.7948717948717949,0.0015065029238169,0.00035325461722921934,13,0.6666666666666666,0.0013075012231188,0.015741248566958053,DIA n=21 WR=67% avg=+0.131% Δ=+0.008% | SPY n=13 WR=92% avg=+0.171% Δ=+0.062%,pair
L1_prior_up,1d_rsi_mid+1w_above_sma9,2,2,"DIA,SPY",2/4,31.0,0.6433333333333333,0.0015192718062625502,0.000564309886343,12,0.62,0.0008904100109302,0.015733266107722153,DIA n=50 WR=62% avg=+0.089% Δ=+0.000% | SPY n=12 WR=67% avg=+0.215% Δ=+0.113%,pair
L2_hvol,30m_candle_dn,1,2,"DIA,QQQ",2/4,21.0,0.7142857142857142,0.0013938869386081,0.0004359836485332,21,0.6666666666666666,0.0008973728429514,0.015729420932352127,DIA n=21 WR=76% avg=+0.189% Δ=+0.071% | QQQ n=21 WR=67% avg=+0.090% Δ=+0.017%,single
L1_prior_up,1d_rsi_mid+1w_bb_mid,2,2,"DIA,SPY",2/4,33.0,0.685,0.0013104269165246,0.0003554649966051,16,0.62,0.0008904100109302,0.01570390662636448,DIA n=50 WR=62% avg=+0.089% Δ=+0.000% | SPY n=16 WR=75% avg=+0.173% Δ=+0.071%,pair
L1_prior_up,1h_candle_dn,1,2,"DIA,QQQ",2/4,17.5,0.7255244755244755,0.00153893246452495,0.0007049304495796,13,0.6818181818181818,0.0014550723499564,0.015654307623194315,DIA n=22 WR=68% avg=+0.162% Δ=+0.073% | QQQ n=13 WR=77% avg=+0.146% Δ=+0.068%,single
L1_prior_up,1h_bb_mid+1h_candle_dn,2,2,"DIA,QQQ",2/4,17.5,0.7255244755244755,0.00153893246452495,0.0007049304495796,13,0.6818181818181818,0.0014550723499564,0.015654307623194315,DIA n=22 WR=68% avg=+0.162% Δ=+0.073% | QQQ n=13 WR=77% avg=+0.146% Δ=+0.068%,pair
L2_hvol,1d_candle_up+1w_above_sma9,2,2,"DIA,QQQ",2/4,27.0,0.7128205128205127,0.0012957907479283,0.0003378874578534,15,0.6923076923076923,0.0011834615838809,0.015538144072668741,DIA n=39 WR=69% avg=+0.118% Δ=+0.000% | QQQ n=15 WR=73% avg=+0.141% Δ=+0.068%,pair
L2_hvol,1d_above_sma9+1d_candle_up,2,2,"DIA,QQQ",2/4,27.0,0.7128205128205127,0.00129117694565925,0.00033327365558435,15,0.6923076923076923,0.0011834615838809,0.01549406676360362,DIA n=39 WR=69% avg=+0.118% Δ=+0.000% | QQQ n=15 WR=73% avg=+0.140% Δ=+0.067%,pair
L1_prior_up,1d_above_sma9+1d_candle_up,2,2,"DIA,QQQ",2/4,35.5,0.6671428571428571,0.0011948252968902,0.00036082328194485,21,0.62,0.0008904100109302,0.015394295997886113,DIA n=50 WR=62% avg=+0.089% Δ=+0.000% | QQQ n=21 WR=71% avg=+0.150% Δ=+0.072%,pair
L2_hvol,1d_candle_up+1h_bb_mid,2,2,"DIA,QQQ",2/4,26.0,0.6957983193277311,0.001283301797443,0.0003253985073681213,17,0.6857142857142857,0.0012410724388418,0.015296365324986003,DIA n=35 WR=69% avg=+0.124% Δ=+0.006% | QQQ n=17 WR=71% avg=+0.133% Δ=+0.059%,pair
L2_hvol,15m_below_sma9+1d_above_sma9,2,2,"DIA,QQQ",2/4,20.0,0.6868131868131868,0.0015086199100036,0.0005507166199287016,14,0.6428571428571429,0.0011911892145366,0.01528408644095074,DIA n=26 WR=73% avg=+0.119% Δ=+0.001% | QQQ n=14 WR=64% avg=+0.183% Δ=+0.109%,pair
L2_hvol,1w_rsi_hi+30m_candle_dn,2,2,"DIA,QQQ",2/4,18.0,0.680952380952381,0.00145291663364575,0.00049501334357085,15,0.6,0.0010154322330267,0.015257789463511948,DIA n=21 WR=76% avg=+0.189% Δ=+0.071% | QQQ n=15 WR=60% avg=+0.102% Δ=+0.028%,pair
L1_prior_up,1d_candle_up+30m_candle_dn,2,2,"DIA,QQQ",2/4,22.5,0.6797235023041475,0.0014169287951761,0.00058292678023075,14,0.6451612903225806,0.0012541794011283,0.01517380791926412,DIA n=31 WR=65% avg=+0.125% Δ=+0.036% | QQQ n=14 WR=71% avg=+0.158% Δ=+0.080%,pair
L1_prior_up,1d_candle_up+1h_bb_mid,2,2,"DIA,QQQ",2/4,33.5,0.6520202020202019,0.00119490748003905,0.00036090546509372944,22,0.6222222222222222,0.0009682299960212,0.015169084149620798,DIA n=45 WR=62% avg=+0.097% Δ=+0.008% | QQQ n=22 WR=68% avg=+0.142% Δ=+0.064%,pair
L1_prior_up,1d_bb_mid+1d_candle_up,2,2,"DIA,QQQ",2/4,36.5,0.6578260869565218,0.0011476539120438,0.0003136518970985,23,0.62,0.0008904100109302,0.01510757723458546,DIA n=50 WR=62% avg=+0.089% Δ=+0.000% | QQQ n=23 WR=70% avg=+0.140% Δ=+0.063%,pair
L2_hvol,1h_bb_mid+30m_candle_dn,2,2,"DIA,QQQ",2/4,19.5,0.7184210526315788,0.00139866584261575,0.00044076255254085,19,0.7,0.0009911027892662,0.0150566829038665,DIA n=19 WR=74% avg=+0.181% Δ=+0.062% | QQQ n=20 WR=70% avg=+0.099% Δ=+0.026%,pair
L1_prior_up,1h_candle_dn+1w_above_sma9,2,2,"DIA,QQQ",2/4,17.0,0.7159090909090908,0.0014978214358656,0.0006638194209202,12,0.6818181818181818,0.0013728502926377,0.014940110194427616,DIA n=22 WR=68% avg=+0.162% Δ=+0.073% | QQQ n=12 WR=75% avg=+0.137% Δ=+0.060%,pair
L2_hvol,15m_below_sma9,1,2,"DIA,QQQ",2/4,24.0,0.6608391608391608,0.0013005082816474,0.00034260499157250156,22,0.5909090909090909,0.0011911892145366,0.014689394415774128,DIA n=26 WR=73% avg=+0.119% Δ=+0.001% | QQQ n=22 WR=59% avg=+0.141% Δ=+0.068%,single
L1_prior_up,1d_candle_up+1w_above_sma9,2,2,"DIA,QQQ",2/4,35.0,0.6599999999999999,0.00113785621454845,0.0003038541996031,20,0.62,0.0008904100109302,0.014486000419166877,DIA n=50 WR=62% avg=+0.089% Δ=+0.000% | QQQ n=20 WR=70% avg=+0.139% Δ=+0.061%,pair
L2_hvol,15m_below_sma9+1h_above_sma9,2,2,"IWM,QQQ",2/4,17.0,0.6214285714285714,0.0015646110532333002,0.0005381729105738,14,0.6,0.0014410310619539,0.01446690987601576,IWM n=14 WR=64% avg=+0.144% Δ=+0.012% | QQQ n=20 WR=60% avg=+0.169% Δ=+0.096%,pair
L1_prior_up,1h_candle_dn+30m_bb_mid,2,2,"DIA,QQQ",2/4,17.0,0.7159090909090908,0.0014382794782706499,0.0006042774633253001,12,0.6818181818181818,0.0012537663774478,0.014424461715744791,DIA n=22 WR=68% avg=+0.162% Δ=+0.073% | QQQ n=12 WR=75% avg=+0.125% Δ=+0.048%,pair
L1_prior_up,15m_below_sma9+1w_rsi_hi,2,2,"DIA,QQQ",2/4,26.0,0.6339712918660287,0.0012992695652879,0.00046526755034260233,19,0.631578947368421,0.0009594818620029,0.014347962066804144,DIA n=33 WR=64% avg=+0.096% Δ=+0.007% | QQQ n=19 WR=63% avg=+0.164% Δ=+0.086%,pair
L1_prior_up,15m_below_sma9,1,2,"DIA,QQQ",2/4,31.5,0.6015151515151516,0.00115419540552085,0.00032019339057550236,30,0.5666666666666667,0.0009594818620029,0.014144243755469374,DIA n=33 WR=64% avg=+0.096% Δ=+0.007% | QQQ n=30 WR=57% avg=+0.135% Δ=+0.057%,single
L1_prior_up,15m_bb_mid+1h_candle_dn,2,2,"DIA,QQQ",2/4,17.0,0.717948717948718,0.00142213019349715,0.0005881281785517999,13,0.6666666666666666,0.0013900571463288,0.014135948514854182,DIA n=21 WR=67% avg=+0.145% Δ=+0.056% | QQQ n=13 WR=77% avg=+0.139% Δ=+0.061%,pair
L1_prior_up,1h_bb_mid+30m_candle_dn,2,2,"DIA,QQQ",2/4,26.0,0.6339285714285714,0.0012133889565583002,0.00037938694161300003,24,0.625,0.0011364918453366,0.014066523213528491,DIA n=28 WR=64% avg=+0.129% Δ=+0.040% | QQQ n=24 WR=62% avg=+0.114% Δ=+0.036%,pair
L1_prior_up,1d_bb_mid+30m_candle_dn,2,2,"DIA,QQQ",2/4,28.5,0.630272952853598,0.0011603383404963,0.000326336325551,26,0.6153846153846154,0.0010664972798643,0.014062195505015793,DIA n=31 WR=65% avg=+0.125% Δ=+0.036% | QQQ n=26 WR=62% avg=+0.107% Δ=+0.029%,pair
L1_prior_up,30m_candle_dn,1,2,"DIA,QQQ",2/4,29.0,0.6188769414575865,0.0011397107095128499,0.0003057086945675,27,0.5925925925925926,0.0010252420178974,0.013817216680813177,DIA n=31 WR=65% avg=+0.125% Δ=+0.036% | QQQ n=27 WR=59% avg=+0.103% Δ=+0.025%,single
L1_prior_up,15m_below_sma9+1d_candle_up,2,2,"DIA,QQQ",2/4,24.5,0.6931818181818181,0.00117699190230175,0.00034298988735640237,16,0.6363636363636364,0.0009594818620029,0.013235922968108244,DIA n=33 WR=64% avg=+0.096% Δ=+0.007% | QQQ n=16 WR=75% avg=+0.139% Δ=+0.062%,pair
L1_prior_up,15m_candle_dn+1d_candle_up,2,2,"DIA,QQQ",2/4,27.0,0.6343402225755167,0.0011626989786984,0.00032869696375306863,17,0.6216216216216216,0.0009543498748572,0.01299540341914835,DIA n=37 WR=62% avg=+0.095% Δ=+0.006% | QQQ n=17 WR=65% avg=+0.137% Δ=+0.059%,pair
raw_bb_dn,15m_rsi_hi,1,2,"QQQ,SPY",2/4,15.5,0.64375,0.00124374743280675,0.0005571011805855294,15,0.6,0.0005810390149674,0.01153105516188103,QQQ n=16 WR=69% avg=+0.191% Δ=+0.107% | SPY n=15 WR=60% avg=+0.058% Δ=+0.005%,single
raw_bb_dn,1h_below_sma9+30m_candle_dn,2,2,"DIA,SPY",2/4,28.0,0.6436781609195402,0.0008672462517214999,0.0004095489267037,27,0.6206896551724138,0.0006661711076265,0.010485872560834927,DIA n=29 WR=62% avg=+0.107% Δ=+0.068% | SPY n=27 WR=67% avg=+0.067% Δ=+0.013%,pair
